soubi,skill_tokusyukouka_text
"グリザードマフ","けもの系への耐性+5%
エレメント系への耐性+5%
ブレスダメージ+6%
全属性ダメージ+2%【晴れ】
ヒャド属性ダメージ+9%
ザバ属性ダメージ+4%
きようさ+15
けもの系への耐性+5%
戦闘終了時にMPを3回復
物質系への耐性+5%
↑1:攻撃力+10
↑2:すばやさ+12
↑3:守備力+10
↑4:さいだいHP+12"
"グリザードファー","ジバリア属性耐性+5%
ドルマ属性耐性+5%
ブレスダメージ+6%
全属性ダメージ+2%【晴れ】
ヒャド属性ダメージ+9%
ザバ属性ダメージ+4%
きようさ+15
ヒャド属性耐性+5%
戦闘終了時にMPを3回復
ドルマ属性耐性+5%
↑1:攻撃力+10
↑2:すばやさ+12
↑3:守備力+10
↑4:さいだいHP+12"
"グリザードテイル","転び耐性+5%
守備減耐性+10%
ブレスダメージ+6%
全属性ダメージ+2%【晴れ】
ヒャド属性ダメージ+9%
ザバ属性ダメージ+4%
きようさ+15
転び耐性+10%
戦闘終了時にMPを3回復
守備減耐性+10%
↑1:攻撃力+10
↑2:すばやさ+12
↑3:守備力+10
↑4:さいだいHP+12"
"スライムコロネヘッド","↑1:攻撃力+2
↑2:守備力+2
↑3:すばやさ+3
↑4:さいだいHP+2"
"二色コロネの耳飾り",""
"祝福の冠","けもの系耐性+5%
魔王ラスヴェーザへのダメージ+10%
スライム系耐性+5%
スキルの斬撃ダメージ+7%
スキルの斬撃ダメージ+3%【晴れ】
会心率+3%
スキルのHP回復効果+2%
けもの系耐性+5%
さいだいHP+5
悪魔系耐性+5%
↑1:攻撃力+12
↑2:すばやさ+12
↑3:守備力+12
↑4:さいだいHP+12"
"祝福の盾","女神のまもり
さいだいMP+10
超越の闘志
スキルの斬撃・体技ダメージ+3%
じゅもんダメージ+3%
ブレスダメージ+3%
????系へのダメージ+3%
攻撃力+10
かいふく魔力+10
ガード率+1%
↑1:こうげき魔力+10
↑2:ガード率+1%
↑3:すばやさ+5
↑4:ガード率+2%"
"祝福のよろい上","ドルマ属性耐性+5%
魔王ラスヴェーザへの耐性+10%
バギ属性耐性+5%
スキルの斬撃ダメージ+7%
スキルの斬撃ダメージ+3%【晴れ】
会心率+3%
スキルのHP回復効果+2%
デイン属性耐性+5%
さいだいHP+5
メラ属性耐性+5%
↑1:攻撃力+12
↑2:すばやさ+12
↑3:守備力+12
↑4:さいだいHP+12"
"祝福のよろい下","怯え耐性+5%
魔王ラスヴェーザへの耐性+10%
眠り耐性+5%
スキルの斬撃ダメージ+7%
スキルの斬撃ダメージ+3%【晴れ】
会心率+3%
スキルのHP回復効果+2%
怯え耐性+10%
さいだいHP+5
眠り耐性+5%
↑1:攻撃力+12
↑2:すばやさ+12
↑3:守備力+12
↑4:さいだいHP+12"
"女神の果実","装備することで魔王ラスヴェーザが使う味方全体への天候変化のダメージの威力をかなり軽減する
????系へのダメージ+5%"
"エルギオスヘッド","↑1:攻撃力+2
↑2:守備力+2
↑3:すばやさ+3
↑4:さいだいHP+2"
"スノボニット","↑1:攻撃力+2
↑2:守備力+2
↑3:すばやさ+3
↑4:さいだいHP+2"
"スライムのドラけし盾","↑1:守備力+2
↑2:ガード率+1%
↑3:守備力+2
↑4:ガード率+1%"
"スノボウェア","↑1:すばやさ+3
↑2:守備力+3
↑3:きようさ+3
↑4:さいだいHP+2"
"かがやきの花","装備することで魔王ラスヴェーザが使う味方全体への天候変化のダメージの威力を軽減する
????系へのダメージ+3%"
"水のアミュレット+","ヒャド属性斬撃・体技ダメージ+10%
麻痺耐性+10%"
"悪魔のオーブ++","悪魔系へのダメージ+10%"
"悪魔のオーブ+","悪魔系へのダメージ+5%"
"悪魔のオーブ","悪魔系へのダメージ+3%"
"天地雷鳴士の鳥帽子","けもの系への耐性+5%
戦闘終了時にMPを3回復する
エレメント系への耐性+5%
じゅもんダメージ+8%
全属性ダメージ+2%【天地雷鳴士】
ザバ属性じゅもんダメージ+4%
メラ属性じゅもんダメージ+6%
けもの系への耐性+5%
さいだいMP+5
悪魔系への耐性+5%
↑1:攻撃魔力+12
↑2:すばやさ+12
↑3:守備力+12
↑4:さいだいHP+12"
"天地雷鳴士の装束上","ドルマ属性耐性+5%
戦闘終了時にMPを3回復する
バギ属性耐性+5%
じゅもんダメージ+8%
全属性ダメージ+2%【天地雷鳴士】
ザバ属性じゅもんダメージ+4%
メラ属性じゅもんダメージ+6%
ドルマ属性耐性+5%
さいだいMP+5
メラ属性耐性+5%
↑1:攻撃魔力+12
↑2:すばやさ+12
↑3:守備力+12
↑4:さいだいHP+12"
"天地雷鳴士の装束下","眠り耐性+5%
戦闘終了時にMPを3回復する
怯え耐性+5%
じゅもんダメージ+8%
全属性ダメージ+2%【天地雷鳴士】
ザバ属性じゅもんダメージ+4%
メラ属性じゅもんダメージ+6%
眠り耐性+5%
さいだいMP+5
怯え耐性+10%
↑1:攻撃魔力+12
↑2:すばやさ+12
↑3:守備力+12
↑4:さいだいHP+12"
"きらめきのつぼみ",""
"黒王のメタルキング兜","けもの系への耐性+5%
すべての状態異常耐性+3%
物質系への耐性+5%
スキルの斬撃・体技ダメージ+7%
全属性ダメージ+3%【晴れ】
ドルマ属性斬撃・体技ダメージ+7%
ヒャド属性斬撃・体技ダメージ+7%
けもの系への耐性+5%
すばやさ+6
悪魔系への耐性+5%
戦闘終了後にMPを3回復する
↑1:攻撃力+12
↑2:すばやさ+12
↑3:守備力+12
↑4:さいだいHP+12"
"黒王のメタルキング鎧上","イオ属性耐性+5%
全属性耐性+3%
ギラ属性耐性+5%
スキルの斬撃・体技ダメージ+7%
全属性ダメージ+3%【晴れ】
ドルマ属性斬撃・体技ダメージ+7%
ヒャド属性斬撃・体技ダメージ+7%
イオ属性耐性+5%
すばやさ+6
デイン属性耐性+5%
戦闘終了後にMPを3回復する
↑1:攻撃力+12
↑2:すばやさ+12
↑3:守備力+12
↑4:さいだいHP+12"
"黒王のメタルキング鎧下","転び耐性+5%
悪い状態変化耐性+3%
攻撃減耐性+10%
スキルの斬撃・体技ダメージ+7%
全属性ダメージ+3%【晴れ】
ドルマ属性斬撃・体技ダメージ+7%
ヒャド属性斬撃・体技ダメージ+7%
転び耐性+10%
すばやさ+6
攻撃減耐性+10%
戦闘終了後にMPを3回復する
↑1:攻撃力+12
↑2:すばやさ+12
↑3:守備力+12
↑4:さいだいHP+12"
"ラリホーアイマスク","↑1:攻撃力+2
↑2:守備力+2
↑3:すばやさ+3
↑4:さいだいHP+2"
"スライムナイトキャップ",""
"ゴーレムキャップ","↑1:攻撃力+2
↑2:守備力+2
↑3:すばやさ+3
↑4:さいだいHP+2"
"キラーマシンキャップ","↑1:すばやさ+3
↑2:守備力+3
↑3:きようさ+3
↑4:さいだいHP+2"
"ゴーレムパジャマ","↑1:すばやさ+3
↑2:守備力+3
↑3:きようさ+3
↑4:さいだいHP+2"
"メガンテの指輪","メガンテ"
"サファイアピアス","ヒャド属性ダメージ+5%"
"賢者の極意書","じゅもんダメージ+7%【賢者】"
"メガザルの指輪","メガザル"
"エメラルドピアス","バギ属性ダメージ+5%"
"レンジャーの極意書","スキルの体技ダメージ+7%【レンジャ】"
"ザラキの指輪","ザラキ"
"バシルーラの指輪","バシルーラ"
"インディコライトピアス","デイン属性ダメージ+5%"
"魔法戦士の極意書","魔力の暴走率+4%【魔法戦士】"
"トパーズピアス","イオ属性ダメージ+5%"
"パラディンの極意書","ガード率+4%【パラディン】"
"ガーネットピアス","ギラ属性ダメージ+5%"
"パルプンテの指輪","パルプンテ"
"スーパースターの極意書","みかわし率+4%【スパスタ】"
"アメジストピアス","ドルマ属性ダメージ+5%"
"海賊の極意書","スキルの斬撃ダメージ+7%【海賊】"
"シトリンピアス","ジバリア属性ダメージ+5%"
"まものマスターの極意書","ブレスダメージ+7%【まもマス】"
"ルビーピアス","メラ属性ダメージ+5%"
"バトルマスターの極意書","会心率+4%【バトマス】"
"酒場のルイーダヘアー","水系への耐性+5%
悪魔系への耐性+5%
スキルの体技ダメージ+6%
デイン属性斬撃・体技ダメージ+3%【晴れ】
デイン属性斬撃・体技ダメージ+8%
一部の状態変化成功率+3%【雨/雪】
すべての状態異常成功率+3%【盗賊】
物質系への耐性+5%
すばやさ+6
水系への耐性+5%
↑1:攻撃力+10
↑2:すばやさ+12
↑3:守備力+10
↑4:さいだいHP+12"
"酒場のルイーダの服上","ドルマ属性耐性+5%
ヒャド属性耐性+5%
スキルの体技ダメージ+6%
デイン属性斬撃・体技ダメージ+3%【晴れ】
デイン属性斬撃・体技ダメージ+8%
一部の状態変化成功率+3%【雨/雪】
すべての状態異常成功率+3%【盗賊】
ジバリア属性耐性+5%
すばやさ+6
ドルマ属性耐性+5%
↑1:攻撃力+10
↑2:すばやさ+12
↑3:守備力+10
↑4:さいだいHP+12"
"酒場のルイーダの服下","守備減耐性+10%
麻痺耐性+5%
スキルの体技ダメージ+6%
デイン属性斬撃・体技ダメージ+3%【晴れ】
デイン属性斬撃・体技ダメージ+8%
一部の状態変化成功率+3%【雨/雪】
すべての状態異常成功率+3%【盗賊】
守備減耐性+10%
すばやさ+6
麻痺耐性+5%
↑1:攻撃力+10
↑2:すばやさ+12
↑3:守備力+10
↑4:さいだいHP+12"
"祝！5周年キャップ","↑1:攻撃力+2
↑2:守備力+2
↑3:すばやさ+3
↑4:さいだいHP+2"
"晴れTシャツ","↑1:すばやさ+3
↑2:守備力+3
↑3:きようさ+3
↑4:さいだいHP+2"
"雨Tシャツ","↑1:すばやさ+3
↑2:守備力+3
↑3:きようさ+3
↑4:さいだいHP+2"
"おおぐらいTシャツ","↑1:すばやさ+3
↑2:守備力+3
↑3:きようさ+3
↑4:さいだいHP+2"
"看板娘Tシャツ","↑1:すばやさ+3
↑2:守備力+3
↑3:きようさ+3
↑4:さいだいHP+2"
"カンダタミラー","デイン属性斬撃・体技ダメージ+5%"
"夏祭りのはちまき","↑1:攻撃力+2
↑2:守備力+2
↑3:すばやさ+3
↑4:さいだいHP+2"
"夏祭りのはっぴ上","↑1:すばやさ+3
↑2:守備力+3
↑3:きようさ+3
↑4:さいだいHP+2"
"夏祭りのはっぴ下","↑1:眠り耐性+5%
↑2:守備力+3
↑3:きようさ+3
↑4:さいだいHP+2"
"夏狐の面","怪人系への耐性+5%
ドラゴン系への耐性+5%
スキルの斬撃ダメージ+6%
スキルの斬撃ダメージ+3%【ニンジャ】
イオ属性斬撃・体技ダメージ+6%
バギ属性斬撃・体技ダメージ+6%
怪人系への耐性+5%
すばやさ+6
水系への耐性+5%
さいだいMP+5
↑1:攻撃力+10
↑2:すばやさ+12
↑3:守備力+10
↑4:さいだいHP+12"
"あぶない浴衣上","ジバリア属性耐性+5%
メラ属性耐性+5%
スキルの斬撃ダメージ+6%
スキルの斬撃ダメージ+3%【ニンジャ】
イオ属性斬撃・体技ダメージ+6%
バギ属性斬撃・体技ダメージ+6%
ジバリア属性耐性+5%
すばやさ+6
イオ属性耐性+5%
さいだいMP+5
↑1:攻撃力+10
↑2:すばやさ+12
↑3:守備力+10
↑4:さいだいHP+12"
"あぶない浴衣下","混乱耐性+5%
転び耐性+5%
スキルの斬撃ダメージ+6%
スキルの斬撃ダメージ+3%【ニンジャ】
イオ属性斬撃・体技ダメージ+6%
バギ属性斬撃・体技ダメージ+6%
混乱耐性+5%
すばやさ+6
転び耐性+10%
さいだいMP+5
↑1:攻撃力+10
↑2:すばやさ+12
↑3:守備力+10
↑4:さいだいHP+12"
"セラフィの麦わら帽","水系への耐性+5%
悪魔系への耐性+5%
じゅもんHP回復効果+5%
スキルHP回復効果+2%【晴れ】
スキルHP回復効果+1%【大神官】
すばやさ+5
水系への耐性+5%
すばやさ+10
怪人系への耐性+5%
↑1:かいふく魔力+10
↑2:さいだいMP+10
↑3:さいだいHP+10
↑4:守備力+10"
"あぶない水着'24上","ヒャド属性耐性+5%
バギ属性耐性+5%
じゅもんHP回復効果+5%
スキルHP回復効果+2%【晴れ】
スキルHP回復効果+1%【大神官】
すばやさ+5
ジバリア属性耐性+5%
すばやさ+10
バギ属性耐性+5%
↑1:かいふく魔力+10
↑2:さいだいMP+10
↑3:さいだいHP+10
↑4:守備力+10"
"あぶない水着'24下","ふきとばし耐性+5%
魅了耐性+5%
じゅもんHP回復効果+5%
スキルHP回復効果+2%【晴れ】
スキルHP回復効果+1%【大神官】
すばやさ+5
ふきとばし耐性+5%
すばやさ+10
魅了耐性+5%
↑1:かいふく魔力+10
↑2:さいだいMP+10
↑3:さいだいHP+10
↑4:守備力+10"
"黄色いにわかなお面","↑1:攻撃力+2
↑2:守備力+2
↑3:すばやさ+3
↑4:さいだいHP+2"
"にわかなお面","↑1:攻撃力+2
↑2:守備力+2
↑3:すばやさ+3
↑4:さいだいHP+2"
"セラフィアンクレット","じゅもんHP回復効果+2%"
"闇の大魔王の滅角","ゾンビ系への耐性+5%
戦闘終了時にMPを3回復する
鳥系への耐性+5%
魔力の暴走率+2%
魔力の暴走率+1%【夜間】
じゅもんダメージ+5%
ヒャド属性じゅもんダメージ+7%
ゾンビ系への耐性+5%
さいだいMP+5
ドラゴン系への耐性+5%
↑1:こうげき魔力+10
↑2:すばやさ+12
↑3:守備力+10
↑4:さいだいHP+12"
"闇の大魔王のローブ上","メラ属性耐性+5%
戦闘終了時にMPを3回復する
ジバリア属性耐性+5%
魔力の暴走率+2%
魔力の暴走率+1%【夜間】
じゅもんダメージ+5%
ヒャド属性じゅもんダメージ+7%
デイン属性耐性+5%
すばやさ+10
ジバリア属性耐性+5%
↑1:こうげき魔力+10
↑2:すばやさ+12
↑3:守備力+10
↑4:さいだいHP+12"
"闇の大魔王のローブ下","麻痺耐性+5%
戦闘終了時にMPを3回復する
転び耐性+5%
魔力の暴走率+2%
魔力の暴走率+1%【夜間】
じゅもんダメージ+5%
ヒャド属性じゅもんダメージ+7%
麻痺耐性+5%
守備力+7
転び耐性+10%"
"ひかりのたま","ひかりのたまをささげる
攻撃力+30
こうげき魔力+30
かいふく魔力+30"
"ラーミアの羽飾り","けもの系への耐性+5%
バラモスへのダメージ+10%
影縫いの発動率+2%【ニンジャ】
鳥系への耐性+5%
スキルの斬撃・体技ダメージ+5%
HP100%以上のときスキルの体技ダメージ+3%
イオ属性斬撃・体技ダメージ+7%
メラ属性斬撃・体技ダメージ+7%
けもの系への耐性+5%
すばやさ+6
ドラゴン系への耐性+5%
さいだいMP+5
↑1:攻撃力+10
↑2:すばやさ+12
↑3:守備力+10
↑4:さいだいHP+12"
"ラーミアの霊衣上","ドルマ属性耐性+5%
バラモスへの耐性+10%
分身の術の発動率+1%【ニンジャ】
ジバリア属性耐性+5%
スキルの斬撃・体技ダメージ+5%
HP100%以上のときスキルの体技ダメージ+3%
イオ属性斬撃・体技ダメージ+7%
メラ属性斬撃・体技ダメージ+7%
ドルマ属性耐性+5%
すばやさ+6
ジバリア属性耐性+5%
さいだいMP+5
↑1:攻撃力+10
↑2:すばやさ+12
↑3:守備力+10
↑4:さいだいHP+12"
"ラーミアの霊衣下","転び耐性+5%
バラモスへの耐性+10%
鼓舞激励の発動率+2%【大神官】
麻痺耐性+5%
スキルの斬撃・体技ダメージ+5%
HP100%以上のときスキルの体技ダメージ+3%
イオ属性斬撃・体技ダメージ+7%
メラ属性斬撃・体技ダメージ+7%
転び耐性+10%
すばやさ+6
麻痺耐性+5%
さいだいMP+5
↑1:攻撃力+10
↑2:すばやさ+12
↑3:守備力+10
↑4:さいだいHP+12"
"商人のターバン","↑1:混乱耐性+5%
↑2:守備力+2
↑3:すばやさ+3
↑4:さいだいHP+2"
"商人のふく","↑1:混乱耐性+5%
↑2:守備力+2
↑3:すばやさ+3
↑4:さいだいHP+2"
"おしゃぶり","自分が受けるスキル・どうぐのHP回復効果+3%"
"ほのかなひかりのたま","攻撃力+10
こうげき魔力+10
かいふく魔力+10"
"歴戦の戦士のかぶと","ゾンビ系への耐性+5%
ラーミアへのダメージ+10%
鳥系への耐性+5%
スキルの斬撃ダメージ+6%
会心率+3%
会心率+1%【パラディン】
スキルの斬撃ダメージ+3%【晴れ】
ゴッドガード発動率+2%
グレイトウォール発動率+2%
悪魔系への耐性+5%
守備力+5
鳥系への耐性+5%
↑1:攻撃力+10
↑2:すばやさ+12
↑3:守備力+10
↑4:さいだいHP+12"
"ちからのたて","まもりのたて
さいだいMP+10
オーバーエナジー
スキルの斬撃・体技ダメージ+3%
自分が受けるスキル・どうぐのHP回復効果+3%
攻撃力+10
かいふく魔力+10
ガード率+1%
↑1:こうげき魔力+10
↑2:ガード率+1%
↑3:すばやさ+5
↑4:ガード率+2%"
"歴戦の戦士のよろい上","イオ属性耐性+5%
ラーミアへの耐性+10%
メラ属性耐性+5%
スキルの斬撃ダメージ+6%
全属性耐性+2%
全属性耐性+1%【パラディン】
スキルの斬撃ダメージ+3%【晴れ】
ゴッドガード発動率+2%
グレイトウォール発動率+2%
イオ属性耐性+5%
守備力+5
バギ属性耐性+5%
↑1:攻撃力+10
↑2:すばやさ+12
↑3:守備力+10
↑4:さいだいHP+12"
"歴戦の戦士のよろい下","麻痺耐性+5%
ラーミアへの耐性+10%
幻惑耐性+10%
スキルの斬撃ダメージ+6%
すべての状態異常耐性+5%
すべての状態異常耐性+5%【パラディン】
スキルの斬撃ダメージ+3%【晴れ】
ゴッドガード発動率+2%
グレイトウォール発動率+2%
麻痺耐性+5%
守備力+5
幻惑耐性+10%
↑1:攻撃力+10
↑2:すばやさ+12
↑3:守備力+10
↑4:さいだいHP+12"
"ごうけつのうでわ",""
"伝説の勇者のはちがね","????系への耐性+5%
戦闘終了時にMPを3回復する
怪人系への耐性+5%
スキルの斬撃ダメージ+6%
デイン属性斬撃・体技ダメージ+3%【晴れ】
デイン属性斬撃・体技ダメージ+8%
すばやさ+5
水系への耐性+5%
守備力+5
怪人系への耐性+5%
↑1:攻撃力+10
↑2:すばやさ+12
↑3:守備力+10
↑4:さいだいHP+12"
"伝説の勇者の盾","ひかりのまもり
さいだいMP+10
マホトーン
会心率+3%
スキルHP回復効果+3%
攻撃力+10
かいふく魔力+10
ガード率+1%
↑1:こうげき魔力+10
↑2:ガード率+1%
↑3:すばやさ+5
↑4:ガード率+2%"
"伝説の勇者のころも上","ヒャド属性耐性+5%
戦闘終了時にMPを3回復する
イオ属性耐性+5%
スキルの斬撃ダメージ+6%
デイン属性斬撃・体技ダメージ+3%【晴れ】
デイン属性斬撃・体技ダメージ+8%
すばやさ+5
バギ属性耐性+5%
守備力+5
イオ属性耐性+5%
↑1:攻撃力+10
↑2:すばやさ+12
↑3:守備力+10
↑4:さいだいHP+12"
"伝説の勇者のころも下","混乱耐性+5%
戦闘終了時にMPを3回復する
攻撃減耐性+5%
スキルの斬撃ダメージ+6%
デイン属性斬撃・体技ダメージ+3%【晴れ】
デイン属性斬撃・体技ダメージ+8%
すばやさ+5
混乱耐性+5%
守備力+5
攻撃減耐性+10%
↑1:攻撃力+10
↑2:すばやさ+12
↑3:守備力+10
↑4:さいだいHP+12"
"僧侶のぼうし","↑1:封印耐性+5%
↑2:守備力+2
↑3:すばやさ+3
↑4:さいだいHP+2"
"武闘家ヘアー","↑1:攻撃減耐性+5%
↑2:守備力+2
↑3:すばやさ+3
↑4:さいだいHP+2"
"グリザードの鋭牙","すばやさ+5【ドラゴン】
きようさ+10【天地雷鳴士】
やる気エクステンション
コキュートス・プネウマ
グレイシャル・ハウル
けもの系へのダメージ+5%
エレメント系へのダメージ+5%
攻撃力+12【得】
義侠の獣
フローズンハント"
"女神セレシアのつるぎ","攻撃力+5【バトマス】
守備力+5【パラディン】
トベルーラ
再臨斬
導きの聖斬
????系へのダメージ+5%
悪魔系へのダメージ+5%
攻撃力+12【得】
みんなでエナジーフロー
世界樹の女神の加護"
"あまぐもの杖","こうげき魔力+5【天地雷鳴士】
ザバ属性じゅもんダメージ+10%
メダパニ
雲竜の印
落陽
ざざん波
けもの系へのダメージ+5%
悪魔系へのダメージ+5%
さいだいMP+12【得】
戦闘終了時にMPを10回復する
追撃レインボー
慈雨"
"メタルキングの大剣","攻撃力+5【ドラゴン】
攻撃力+5【守り人】
メタル超会心のかまえ
次元斬
グランドネビュラ
けもの系へのダメージ+5%
悪魔系へのダメージ+5%
攻撃力+12【得】
全属性ダメージ+3%【両】
スキルの斬撃ダメージ+3%【両】
ブラックホール
キングタイム
復讐の誓い"
"メダルキングの剣","かえん斬り
マヒャド斬り
いなずま斬り
渾身メタル斬り
メダル輝星斬
攻撃力+10
さいだいMP+10
ワイルドフォース
改1:メダル輝星斬のダメージ+3%
改2:次のシーズン切り替えで解放
改3:次のシーズン切り替えで解放
改4:次のシーズン切り替えで解放"
"ルイーダウィップ","攻撃力+5【盗賊】
まわしげり
マヌーサ
麗しきコンビネーション
酒場のスペシャルオーダー
水系へのダメージ+5%
悪魔系へのダメージ+5%
攻撃力+12【得】
用意周到
宴もたけなわ"
"蜃気楼","すばやさ+10【ニンジャ】
カオスエッジ
ストームフォース
モシャス
宵断ちの華
怪人系へのダメージ+5%
ドラゴン系へのダメージ+5%
攻撃力+12【得】
いきなり分身の術
ワイルドバースト"
"サマーメモリー","さいだいMP+10【大神官】
ラリホー
シャナク
ザオラル
チアフルマジックバリア
夏の渚のベホマラー
戦闘終了時にMPを10回復する
さいだいMP+12【得】
かいふく魔力+12【得】
かいふく魔力ブースト
いきなりまもりのたて"
"どうの大剣","攻撃力+5【得】"
"やみのころもの黒炎","こうげき魔力+20
じゅもんダメージ+10%
マヒャド
いてつくはどう
サイコストーム
マヒャデドス
ゾンビ系へのダメージ+5%
ドラゴン系へのダメージ+5%
ヒャド属性じゅもんダメージ+10%
戦闘終了時にMPを10回復する
甘美なる闇
死絶の冷気"
"ラーミアのムチ","すばやさ+10【ニンジャ】
攻撃力+5【大神官】
マジックウィップ
マヌーハ
ラーミアの祝福
不死鳥のほむら
けもの系へのダメージ+5%
ドラゴン系へのダメージ+5%
攻撃力+12【得】
いきなりピオリム
まばゆき翼"
"まじんのオノ","攻撃力+5【パラディン】
ゴッドガード発動率+5%
火炎はらい斬り
闘志注入
不屈の氷斧
鳥系へのダメージ+5%
会心率+2%
攻撃力+12【得】
歴戦の覇気・斧
必中の極意"
"ゾンビキラー","攻撃力+5【パラディン】
グレイトウォール発動率+5%
火炎はらい斬り
闘志注入
不屈の絶剣
鳥系へのダメージ+5%
ゾンビ系へのダメージ+5%
攻撃力+12【得】
歴戦の覇気・剣
必中の極意"
"闇はらう光の大剣","攻撃力+5【得】
ゾーマへのダメージ+5%
きあいため
ギガ空裂斬
ギガブレード
????系へのダメージ+10%
攻撃力+12【得】
デイン属性斬撃・体技ダメージ+3%【両】
スキルの斬撃ダメージ+3%【両】
勇者の覚悟
伝説のはじまり
勇者の挑戦"
"名もなき大剣","ホイミ
かえん斬り
メラミ
いなずま斬り
ひかりの一閃
メタル系+3ダメージ
戦闘終了時にMPを2回復する
攻撃力+5"
"はかいのことわり","こうげき魔力+5【大魔道士】
ジバリア属性じゅもんダメージ+10%
ラリホー
ベホイミ
破壊の瞑想
死滅の極光
破壊の礼賛
ゾンビ系へのダメージ+5%
悪魔系へのダメージ+5%
さいだいMP+12【得】
こうげき魔力+12【得】
神降ろしの儀
偶数の恵み・とくぎ強化"
"竜の女王のツメ","攻撃力+5【ドラゴン】
すばやさ+10【ニンジャ】
愛のひらてうち
女王の吐息 【闇】
女王の吐息 【熱】
ドラゴン系へのダメージ+5%
ゾンビ系へのダメージ+5%
攻撃力+12【得】
エナジーフロー
竜のこころ"
"世界樹の天杖【刻】","こうげき魔力+5【魔剣士】
さいだいMP+5【大魔道士】
イオ属性じゅもんダメージ+10%
スカラ
破魔の閃光
導きの旋風
ルミナスレイン
マシン系へのダメージ+5%
物質系へのダメージ+5%
さいだいMP+12【得】
こうげき魔力+12【得】
モーニンググローリー
トークトゥナイト"
"ドランゴの闘斧","ドラゴニックバーストの斬撃・体技・ブレスダメージ+10%【ドラゴン】
影縫いの発動率+3%【ニンジャ】
ブレードガード
闘竜の本能
大地裂断
マキシマムドランゴレイ
マシン系へのダメージ+5%
物質系へのダメージ+5%
攻撃力+12【得】
闘竜のちから
不屈の魂"
"らいめいのけん","攻撃力+5【バトマス】
再燃の闘志
メタル裂斬剣
神速連撃
ジゴスパーク
物質系へのダメージ+5%
悪魔系へのダメージ+5%
攻撃力+12【得】
最強の剣士の心得
オレのエモノだ"
"テリーの剣","いなずま斬り
ぶんまわし
我流ギガソード
物質系へのダメージ+5%
ドラゴン系へのダメージ+3%
攻撃力+5
改1:我流ギガソードのダメージ+10%
改2:我流ギガソードのダメージ+10%
改3:我流ギガソードのダメージ+20%
改4:錬成ぶき特別演出解放"
"しんぴの水晶","かいふく魔力+20
スキルHP回復効果+10%
キアリク
ザオラル
凶兆のタロット
ラッキータロット
いやしの占術
戦闘終了時にMPを10回復する
いきなりフバーハ
まもりの占い"
"小悪魔セティアのロッド","攻撃力+5【スパスタ】
あしばらい
黄泉送り・ゴス
小悪魔のキッス
サキュバスウィンク
ゾンビ系へのダメージ+5%
悪魔系へのダメージ+5%
攻撃力+12【得】
ゴスロリ僧侶の祈り
かっこいいよ チャッピー！"
"ブレアの炎槍","攻撃力+5【ゴドハン】
あしばらい
じごくのはどう
煉獄さみだれ突き
哀・燦々
ゾンビ系へのダメージ+5%
ゾンビ系へのダメージ+5%
攻撃力+12【得】
不滅の怨炎
かばねの機先"
"天使の断頭台","攻撃力+5【海賊】
さいだいHP+10【パラディン】
執行準備
ドルマフォース
デスサンクション
エターナルジャッジメント
ゾンビ系へのダメージ+5%
物質系へのダメージ+5%
攻撃力+12【得】
執念のドルマフォース
仕組まれた運命"
"はかいのてっきゅう","攻撃力+20
スキルの斬撃・体技ダメージ+10%
まわしげり
ストームフォース
破壊の衝動
破壊の撃砕
ゾンビ系へのダメージ+5%
ゾンビ系へのダメージ+5%
血のたぎり
いきなりストームフォース"
"ほうきスピア",""
"魔力の宝剣","攻撃力+5【得】
さいだいHP+10【得】
ブレードガード
魔族連携・雷爪
魔族連携・邪風つうこん撃
魔族連携・じごくの魔氷
悪魔系へのダメージ+5%
スライム系へのダメージ+5%
攻撃力+12【得】
会心ラッシュ
必中の極意"
"ゴールデンクレイモア","攻撃力+5【魔剣士】
守備力+5【守り人】
まわしげり
会心必中のかまえ
ゴールデンブレイク
ゴールデンクラッシュ
鳥系へのダメージ+5%
けもの系へのダメージ+5%
攻撃力+12【得】
ジバリア属性斬撃・体技ダメージ+3%【両】
スキルの斬撃ダメージ+3%【両】
ゴールデンタイム
いきなりまもりのたて"
"ファンタハンマー",""
"飛天の書","さいだいMP+5【得】
デイン属性じゅもんダメージ+10%
マヌーサ
光爆の術
ベタドロン
おおぞらの術・雷轟
鳥系へのダメージ+5%
ゾンビ系へのダメージ+5%
さいだいMP+12【得】
こうげき魔力+12【得】
人事天命
双翼の英気"
"傘ブレード",""
"えいゆうのやり","攻撃力+5【守り人】
あしばらい
真・やいばくだき
無双連撃
奮起のいやし
ミラクルインパクト
ドラゴン系へのダメージ+5%
????系へのダメージ+5%
攻撃力+12【得】
いきなり限界突破
ミラクルブースト"
"万点棒の大剣",""
"千点棒の剣",""
"百点棒の剣",""
"闇竜のキバ","攻撃力+5【ニンジャ】
メタルピアッサー
畏怖の威風
天地崩壊
黒くかがやく翼
物質系へのダメージ+5%
怪人系へのダメージ+5%
攻撃力+12【得】
闇竜の咆哮
尽きぬ執念"
"さばきのこん","すばやさ+10【大神官】
バギクロス
シャナク
キラキラポーン
バギムーチョ
天の福音
戦闘終了時にMPを10回復する
さいだいHP+10【得】
かいふく魔力+12【得】
おねがい天使さま"
"ぎんがのつるぎ","攻撃力+5【バトマス】
守備力+5【パラディン】
鉄甲斬
超きあいため
メラフォース
天翔はやぶさ斬り
覇王斬
ゾンビ系へのダメージ+5%
ドラゴン系へのダメージ+5%
会心率+2%
攻撃力+12【得】
いきなりメラフォース
世界樹の女神の加護"
"妖精の円月輪","攻撃力+5【得】
かまいたち
マヌーサ
妖精の秘術
戒風のボレロ
鳥系へのダメージ+5%
けもの系へのダメージ+5%
攻撃力+12【得】
いきなりピオリム"
"大太刀・立葵","攻撃力+5【魔剣士】
ドラゴン斬り
ぶんまわし
斬鉄の風
光刃
ゾンビ系へのダメージ+5%
ドラゴン系へのダメージ+5%
攻撃力+12【得】
イオ属性斬撃・体技ダメージ+3%【両】
スキルの斬撃ダメージ+3%【両】
勇者の血筋"
"マグロバスター","マヒャド斬り
大回転斬り
水系へのダメージ+10%
攻撃時+2%の確率で魅了を与える
攻撃力+5【得】"
"みわくのリボン","攻撃力+5【魔法戦士】
しばり打ち
ぱふぱふ
ブラインドショット
セクシービーム
水系へのダメージ+5%
ドラゴン系へのダメージ+5%
攻撃力+12【得】
セクシーダイナマイト"
"幻魔王のツメ","攻撃力+5【ニンジャ】
あやしいひとみ
ごうかいなきりさき
おぞましいおたけび
しゃくねつ
ドラゴン系へのダメージ+5%
物質系へのダメージ+5%
攻撃力+12【得】
邪なる封印"
"カルベロビュート","すばやさ+10【大魔道士】
デイン属性じゅもんダメージ+10%
ウィッチウィップ
メラマータ
マダンテ
カルベローナの万雷
水系へのダメージ+5%
ドラゴン系へのダメージ+5%
さいだいMP+12【得】
戦闘終了時にMPを10回復する
大魔女の血を引く少女"
"エンジェルロッド","さいだいHP+10【大神官】
ザメハ
ムーンサルト
天使のうたごえ
つるぎの演舞
ウルトラハッスルダンス
戦闘終了時にMPを10回復する
さいだいMP+12【得】
かいふく魔力+12【得】
華麗なる舞"
"ラミアスのつるぎ","攻撃力+5【ゴドハン】
かえん斬り
勇者の証
ビックバンスラッシュ
破幻の剣閃
悪魔系へのダメージ+5%
鳥系へのダメージ+5%
攻撃力+12【得】
勇者の覚醒"
"オーロラの杖","すばやさ+10【大魔道士】
ジバリア属性じゅもんダメージ+10%
ヘナトス
メダパニーマ
ジバマータ
ジバルンバ
スライム系へのダメージ+5%
スライム系へのダメージ+5%
さいだいMP+12【得】
戦闘終了時にMPを10回復する
大地の祝福"
"スラリン・ギア","攻撃力+5【ゴドハン】
かぶとわり
緊急メンテナンス
フリーズストライク
スラキャノン・フルバースト
スライム系へのダメージ+5%
ゾンビ系へのダメージ+5%
攻撃力+12【得】
リアクティブガード"
"げっかびじん","攻撃力+5【ニンジャ】
まわしげり
かまいたち
閃烈はらい撃ち
アゲハ乱舞
ゾンビ系へのダメージ+5%
ドラゴン系へのダメージ+5%
攻撃力+12【得】
胡蝶の夢"
"邪神官ハーゴン(覚醒)","ラリホー
じゅもんダメージ+7%
ヒャド属性じゅもんダメージ+7%
イオ属性じゅもんダメージ+15%
すべての状態異常成功率+20%"
"邪神官ハーゴン(追い覚醒)","ラリホー
じゅもんダメージ+7%
ヒャド属性じゅもんダメージ+7%
イオ属性じゅもんダメージ+15%
すべての状態異常成功率+20%"
"魔王バラモス(覚醒)","スキルHP回復効果+12%
斬撃・体技耐性+7%
じゅもん耐性+7%
イオ属性耐性+10%
ヒャド属性耐性+5%
混乱耐性+20%"
"魔王バラモス(追い覚醒)","スキルHP回復効果+12%
斬撃・体技耐性+7%
じゅもん耐性+7%
イオ属性耐性+10%
ヒャド属性耐性+5%
混乱耐性+20%"
"魔王ラスヴェーザ","戦闘開始時に まれに自身に限界突破を与える
じゅもんダメージ+10%
スキルHP回復効果+10%
魔力の暴走率+5%
封印耐性+10%
転び耐性+10%"
"メガトンケイル","メガトンブロウ
スキルの斬撃・体技ダメージ+7%
ヒャド属性斬撃・体技ダメージ+10%
ジバリア属性斬撃・体技ダメージ+7%
悪魔系へのダメージ+5%
魅了耐性+10%
混乱耐性+10%"
"キラーマジンガ","スキルの斬撃・体技ダメージ+10%
デイン属性耐性+10%
眠り耐性+10%
麻痺耐性+10%"
"ブルーイーター","スキルの斬撃ダメージ+10%
ドルマ属性ダメージ+5%
じゅもん耐性+5%
ヒャド属性ダメージ+10%【曇り/雨/雪】
すばやさ+40【レッドイーターのこころS装備時】"
"レッドイーター","スキルの斬撃ダメージ+10%
ヒャド属性ダメージ+5%
みかわし率+5%
ドルマ属性ダメージ+10%【晴れ】
スキルの斬撃ダメージ+5%【ブルーイーターのこころS装備時】
ヒャド属性ダメージ+5%【ブルーイーターのこころS装備時】
ドルマ属性ダメージ+5%【ブルーイーターのこころS装備時】"
"闇の覇者竜王(覚醒)","スキルの斬撃・体技ダメージ+10%
じゅもんダメージ+5%【大魔道士】
ギラ属性ダメージ+7%
メラ属性ダメージ+6%
ドルマ属性ダメージ+5%
ターン開始時MPを6回復する
混乱耐性+10%
魅了耐性+10%
デイン属性耐性+10%"
"闇の覇者竜王(追い覚醒)","スキルの斬撃・体技ダメージ+10%
じゅもんダメージ+5%【大魔道士】
ギラ属性ダメージ+7%
メラ属性ダメージ+6%
ドルマ属性ダメージ+5%
ターン開始時MPを6回復する
混乱耐性+10%
魅了耐性+10%
デイン属性耐性+10%"
"ビックアイ","スキルHP回復効果+10%
ブレス耐性+3%
眠り耐性+10%
転び耐性+10%"
"怪蟲アラグネ(覚醒)","スキルの斬撃・体技ダメージ+5%
ギラ属性斬撃・体技ダメージ+12%
イオ属性斬撃・体技ダメージ+10%
会心率+4%
混乱耐性+5%"
"水竜ギルギッシュ(覚醒)","ヘナトス
じゅもんダメージ+10%
全属性耐性+5%
ずべての状態異常耐性+10%"
"マーマンダイン","マホトーン
じゅもんダメージ+5%
バギ属性耐性+5%
混乱耐性+5%"
"レッサーデーモン","ルカニ
スキルの斬撃・体技ダメージ+7%
ギラ属性斬撃・体技ダメージ+7%
イオ属性耐性+5%"
"マグマロン","ギラ属性耐性+5%"
"ツボック",""
"まおうのつかい(覚醒)","ルカニ
スキルの斬撃ダメージ+10%
スキルの体技ダメージ+5%
イオ属性斬撃・体技ダメージ+10%
ゾンビ系へのダメージ+20%
呪い耐性+15%
守備減耐性+15%"
"グリズリー","きあいため
スキルの体技ダメージ+7%
ヒャド属性耐性+5%"
"ブルファング","スキルの体技ダメージ+10%
すべての状態異常耐性+10%
スキルの体技ダメージ+5%【曇り/雨/雪】
ヒャド属性ダメージ+5%【曇り/雨/雪】"
"レッドオーガ","スキルの体技ダメージ+10%
悪い状態変化耐性+10%
スキルの体技ダメージ+5%【晴れ】
イオ属性ダメージ+5%【晴れ】
スキルの体技ダメージ+5%【ブルファングのこころS装備時】
会心率+5%【ブルファングのこころS装備時】"
"血染めの魔剣(覚醒)","スキルの斬撃ダメージ+10%
ゾンビ系へのダメージ+10%
麻痺耐性+20%
スキルの斬撃ダメージ+4%【夜間】
すばやさ+20【夜間】"
"イーブルフライ",""
"メタルダーク","会心率+4%
斬撃・体技耐性+5%
全属性耐性+5%"
"ラーミア","スキルの斬撃・体技ダメージ+7%
メラ属性斬撃・体技ダメージ+10%
デイン属性斬撃・体技ダメージ+6%
ヒャド属性斬撃・体技ダメージ+3%
イオ属性耐性+3%
ふきとばし耐性+10%"
"まおうのかげ","ドルマ属性耐性+5%"
"ダックスビル",""
"呪幻師シャルマナ","じゅもんダメージ+10%
虫系へのダメージ+5%
すべての状態異常成功率+10%
一部の状態変化成功率+10%"
"キラーマシン2","スキルの斬撃・体技ダメージ+12%
スキルの斬撃ダメージ+3%【片手剣/ヤリ】
スキルの体技ダメージ+3%【ツメ/ムチ】
会心率+2%【オノ/短剣】
ギラ属性耐性+10%
呪い耐性+10%"
"ウィングデビル","スキルの斬撃・体技ダメージ+3%
水系へのダメージ+10%
虫系へのダメージ+10%"
"ガーディアン","バギ属性耐性+5%"
"こうていタップ","全属性ダメージ+5%【雨】"
"ヴァルハラー","スキルの斬撃・体技ダメージ+10%
イオ属性斬撃・体技ダメージ+10%
会心率+4%【ゴドハン】
威圧状態の相手へのダメージ+10%【ニンジャ】
さいだいHP+40【守り人】
ちから+20【ドラゴン】"
"きとうし","スキルの体技ダメージ+5%
じゅもんダメージ+5%
ジバリア属性じゅもんダメージ+13%
封印耐性+7%"
"ヒドラ","ばいがえしのダメージ+20%
スキルの斬撃ダメージ+5%
スキルの体技ダメージ+10%
自分が受けるスキル・どうぐのHP回復効果+5%
ターン開始時HPを15回復する"
"エビルマージ","キアリク
魅了耐性+5%"
"ソードイド","スキルの斬撃・体技ダメージ+10%
イオ属性斬撃・体技ダメージ+10%
戦闘終了時にMPを5回復する
スキルHP回復効果+5%【大神官】
ちから+10【ニンジャ】"
"げんじゅつし","マヌーサ
麻痺耐性+5%"
"だいおうクジラ","スキルの斬撃・体技ダメージ+7%
スキルHP回復効果+7%
メラ属性耐性+5%
ギラ属性耐性+7%"
"シャドウパンサー","スキルの斬撃・体技ダメージ+5%
ギラ属性斬撃・体技ダメージ+7%
ジバリア属性斬撃・体技ダメージ+7%
会心率+3%"
"ゴールデンスライム","スキルの斬撃ダメージ+10%
ジバリア属性斬撃・体技ダメージ+10%
全属性耐性+5%
悪い状態変化耐性+7%
すべての状態異常耐性+10%"
"魔王オムド・レクス","スキルの斬撃・体技ダメージ+10%
バギ属性斬撃・体技ダメージ+7%
ヒャド属性斬撃・体技ダメージ+7%
ドルマ属性斬撃・体技ダメージ+7%
怯え耐性+10%"
"心眼たぬき","スキルの斬撃・体技ダメージ+5%
スキルHP回復効果+5%
混乱耐性+7%
守備減耐性+7%
すばやさ+20【大神官】
ちから+10【守り人】"
"ヘルゴラゴ","スキルの斬撃・体技ダメージ+3%
スライム系へのダメージ+13%
水系へのダメージ+10%
ヒャド属性耐性+5%"
"コアトル","スキルの斬撃・体技ダメージ+3%
鳥系へのダメージ+10%
虫系へのダメージ+10%
メラ属性耐性+5%"
"れんごくまちょう","ブレスダメージ+5%
メラ属性ダメージ+10%
ギラ属性ダメージ+10%
麻痺耐性+10%
怯え耐性+10%
ちから+10【火山】
きようさ+10【火山】"
"暗黒皇帝ガナサダイ","スキルの斬撃ダメージ+10%
ドルマ属性斬撃・体技ダメージ+10%
混乱耐性+7%
怯え耐性+7%
ゴッドレイジ威力アップ+10%【ゴドハン】
威圧状態の相手へのダメージ+10%【ニンジャ】"
"メランザーナ",""
"ガニメデス","ホイミ
スキルHP回復効果+7%
眠り耐性+5%"
"オーシャンボーン","じゅもんダメージ+10%
ジバリア属性じゅもんダメージ+10%
イオ属性耐性+7%
呪い耐性+7%"
"大怪像ガドンゴ","スキルの斬撃・体技ダメージ+10%
ブレスダメージ+5%
ヒャド属性ダメージ+7%
ギラ属性ダメージ+7%"
"マタンゴ","スキルの斬撃・体技ダメージ+10%
デイン属性斬撃・体技ダメージ+10%
バギ属性耐性+5%
眠り耐性+10%"
"祭魔ジュリアンテ","バギ属性ダメージ+12%
イオ属性ダメージ+12%
混乱耐性+10%"
"ストーンビースト","ギラフォース
スキルの斬撃・体技ダメージ+5%
ギラ属性耐性+5%
石化耐性+10%"
"エルダーフレイム","メラ属性耐性+5%"
"ネクロバルサ","スキルの斬撃・体技ダメージ+7%
ギラ属性斬撃・体技ダメージ+7%
幻惑耐性+5%
ちから+10【ゴドハン】
すばやさ+20【魔剣士】"
"レティス","スキルの斬撃・体技ダメージ+7%
デイン属性斬撃・体技ダメージ+10%
ジバリア属性斬撃・体技ダメージ+6%
バギ属性斬撃・体技ダメージ+3%
転び耐性+10%
ふきとばし耐性+10%"
"トマホーガー","イオ属性ダメージ+10%
デイン属性耐性+5%
守備減耐性+7%"
"たんすミミック","スキルの体技ダメージ+3%
ゾンビ系へのダメージ+10%
幻惑耐性+5%
麻痺耐性+5%"
"マンドリル","スキルの斬撃ダメージ+5%
ドルマ属性ダメージ+7%
戦闘終了時にMPを2回復する"
"ライオンヘッド","じゅもんダメージ+3%
ヒャド属性じゅもんダメージ+7%
ドラゴン系へのダメージ+3%"
"闇の大魔王ゾーマ(覚醒)","じゅもんダメージ+10%
ヒャド属性じゅもんダメージ+5%
魔力の暴走率+7%
斬撃・体技耐性+10%
じゅもん耐性+10%
ブレス耐性+10%
ヒャド属性耐性+10%
守備減耐性+10%"
"闇の大魔王ゾーマ(追い覚醒)","じゅもんダメージ+10%
ヒャド属性じゅもんダメージ+5%
魔力の暴走率+7%
斬撃・体技耐性+10%
じゅもん耐性+10%
ブレス耐性+10%
ヒャド属性耐性+10%
守備減耐性+10%"
"パンドラボックス","マヌーサ
スキルの体技ダメージ+7%
混乱耐性+5%"
"わかめ王子","スキルの斬撃・体技ダメージ+3%
バギ属性斬撃・体技ダメージ+7%
スキルHP回復効果+5%
ちから+10【スパスタ】"
"ブラッドナイト","たまにいきなりピオラ
スキルの体技ダメージ+9%
悪い状態変化耐性+4%
さいだいMP+20【ニンジャ】
ちから+10【守り人】"
"イデアラゴン","ごくまれにいきなりまもりのたて
スキルHP回復効果+7%
すべての状態異常耐性+4%
さいだいHP+20【守り人】
みのまもり+10【大神官】"
"邪眼皇帝アウルート","まれにいきなりマジックブースト
じゅもんダメージ+7%
斬撃・体技耐性+2%
さいだいHP+20【大魔道士】
こうげき魔力+10【魔剣士】"
"怪力軍曹イボイノス","ごくまれにいきなりバイシオン
スキルの斬撃・体技ダメージ+7%
ブレス耐性+2%
すばやさ+20【ニンジャ】
ちから+10【ゴドハン】"
"魔剣神レパルド","たまにいきなりスカラ
スキルの斬撃ダメージ+9%
じゅもん耐性+2%
ちから+10【魔剣士】
会心率+1%【ゴドハン】"
"ピクシー",""
"闇を纏う剣士","スキルの斬撃・体技ダメージ+5%
デイン属性斬撃・体技ダメージ+7%
ドルマ属性斬撃・体技ダメージ+7%"
"にじくじゃく(覚醒)","ディバインスペル
じゅもんダメージ+3%
デイン属性じゅもんダメージ+7%
ドルマ属性じゅもんダメージ+7%
ギラ属性じゅもんダメージ+7%
転び耐性+7%"
"おばけキノコ","もうどくのきり"
"マッスルガード(覚醒)","スキルの斬撃・体技ダメージ+7%
ジバリア属性ダメージ+9%
ヒャド属性ダメージ+9%
ドルマ属性ダメージ+9%
怯え耐性+10%
眠り耐性+7%"
"水竜ギルギッシュ","ヘナトス
じゅもんダメージ+7%
全属性耐性+5%
すべての状態異常耐性+5%"
"ブラックベジター","毒耐性+5%"
"堕天使エルギオス","じゅもんダメージ+10%
????系へのダメージ+3%
ドルマ属性耐性+10%
魅了耐性+7%"
"さそりアーマー","スキルの斬撃・体技ダメージ+3%
ジバリア属性斬撃・体技ダメージ+7%
デイン属性斬撃・体技ダメージ+7%
けもの系へのダメージ+5%"
"いどまじん","イオ属性ダメージ+8%
バギ属性ダメージ+6%
物質系へのダメージ+5%
怯え耐性+7%
じゅもんダメージ+6%【大魔道士】
スキルの斬撃・体技ダメージ+6%【魔剣士】"
"アリアハンの勇者","スキルの斬撃・体技ダメージ+7%
じゅもんダメージ+7%
メラ属性ダメージ+5%
デイン属性ダメージ+5%
バギ属性ダメージ+5%
????系へのダメージ+5%
????系への耐性+3%"
"アッシュリザード","混乱耐性+5%"
"ドランゴ","竜のはやぶさ斬り
スキルの斬撃・体技ダメージ+7%
ブレスダメージ+3%
戦闘終了時にMPを7回復する
メラ属性耐性+7%
幻惑耐性+5%
踊り耐性+5%"
"サイクロプス","スキルの斬撃・体技ダメージ+10%
バギ属性斬撃・体技ダメージ+10%
メラ属性耐性+10%
攻撃減耐性+10%"
"ガメゴンロード","スキルの斬撃・体技ダメージ+6%
じゅもんダメージ+6%
ドラゴン系へのダメージ+7%
ドルマ属性耐性+5%
混乱耐性+10%
ガード率+3%"
"ピサロ","スキルの斬撃・体技ダメージ+10%
ギラ属性斬撃・体技ダメージ+10%
スキルHP回復効果+10%
ヒャド属性耐性+10%
封印耐性+10%
会心率+2%【魔剣士】"
"とこよアゲハ",""
"ハヌマーン","スキルの斬撃・体技ダメージ+7%
メラ属性斬撃・体技ダメージ+10%
会心率+4%
混乱耐性+10%
みのまもり+10【ゴドハン】
すばやさ+20【魔剣士】"
"ピサロ(追い覚醒)","スキルの斬撃・体技ダメージ+10%
ギラ属性斬撃・体技ダメージ+10%
スキルHP回復効果+10%
ヒャド属性耐性+10%
封印耐性+10%
会心率+2%【魔剣士】"
"血染めの魔剣","スキルの斬撃ダメージ+8%
ゾンビ系へのダメージ+10%
麻痺耐性+10%
スキルの斬撃ダメージ+4%【夜間】"
"キャプテンクロウ","スキルの斬撃・体技ダメージ+5%
バギ属性斬撃・体技ダメージ+7%
ヒャド属性斬撃・体技ダメージ+7%
すべての状態異常成功率+7%
一部の状態変化成功率+7%"
"大魔王デスタムーア","スキルの斬撃・体技ダメージ+7%
ドルマ属性斬撃・体技ダメージ+5%
ギラ属性斬撃・体技ダメージ+5%
ジバリア属性斬撃・体技ダメージ+5%
イオ属性耐性+7%
ゴッドレイジ発動率+4%"
"なぞの黒騎士","スキルの斬撃・体技ダメージ+3%
会心率+4%
斬撃・体技耐性+5%
自分が受けるスキル・どうぐのHP回復効果+5%"
"ギュメイ将軍","スキルの斬撃ダメージ+10%
けもの系へのダメージ+10%
魅了耐性+10%
混乱耐性+10%
会心率+2%【短剣】
スキルの斬撃ダメージ+4%【片手剣】
全属性ダメージ+4%【両手剣】"
"黒竜丸","スキルの斬撃・体技ダメージ+10%
デイン属性斬撃・体技ダメージ+10%
バギ属性耐性+10%
ちから+10【ニンジャ】
すばやさ+20【大神官】"
"イザヤール","スキルの斬撃・体技ダメージ+5%
スキルHP回復効果+5%
ドルマ属性耐性+5%
みのまもり+20【守り人】
HP25%以上で致死ダメージ時にごくまれにHP1で生き残る【守り人】"
"暗黒の使い","スキルの斬撃・体技ダメージ+3%
鳥系へのダメージ+10%
デイン属性耐性+5%
イオ属性耐性+5%"
"マーマン","とくぎHP回復効果+7%
鳥系への耐性+5%
麻痺耐性+5%"
"イーグルデビル","ラリホー
スキルの斬撃ダメージ+7%
イオ属性耐性+5%"
"テスト","メラ属性ダメージ-5%"
