item,"イオ","ギラ","ザバ","ジバリア","デイン","ドルマ","バギ","ヒャド","メラ"
"7Tシャツ",null,null,null,null,null,null,null,null,null
"BOSSネックレス",null,null,null,null,null,null,null,null,null
"B・スライムボール",null,null,null,null,null,null,null,null,null
"CCレモンの耳飾り",null,null,null,null,null,null,null,null,null
"Coke ONコラボコンパス",null,null,null,null,null,null,null,null,null
"Coke ONピアス",null,null,null,null,null,null,null,null,null
"DQ35周年Tシャツ",null,null,null,null,null,null,null,null,null
"DQ35周年Tシャツ・黒",null,null,null,null,null,null,null,null,null
"DQ35周年記念首飾り",null,null,null,null,null,null,null,null,null
"DQⅩ10周年Tシャツ",null,null,null,null,null,null,null,null,null
"DQアイランド首飾り",null,null,null,null,null,null,null,null,null
"E・スライムボール",null,null,null,null,null,null,null,null,null
"F・スライムボール",null,null,null,null,null,null,null,null,null
"GEORGIA Tシャツ",null,null,null,null,null,null,null,null,null
"H・スライムボール",null,null,null,null,null,null,null,null,null
"KM2式操縦士コート上",null,null,null,null,null,null,null,null,null
"KM2式操縦士コート下",null,null,null,null,null,null,null,null,null
"KM2式操縦士フード",null,null,null,null,null,null,null,null,null
"KM2式破壊機爪",null,null,null,null,null,null,null,null,null
"L・スライムボール",null,null,null,null,null,null,null,null,null
"M・スライムボール",null,null,null,null,null,null,null,null,null
"あいのおもいで",null,null,null,null,null,null,null,null,null
"あくまのかぶと",null,null,null,null,null,null,null,null,null
"あくまのしっぽ",null,null,null,null,null,null,null,null,null
"あくまのよろい上",null,null,null,null,null,null,null,null,null
"あくまのよろい下",null,null,null,null,null,null,null,null,null
"あくまのツメ",null,null,null,null,null,null,null,null,null
"あくまのムチ",null,null,null,null,null,null,null,null,null
"あくま神官のマスク",null,null,null,null,null,null,null,null,null
"あくま神官のローブ",null,null,null,null,null,null,null,null,null
"あぶない水着'21上",null,null,null,null,null,null,null,null,null
"あぶない水着'21下",null,null,null,null,null,null,null,null,null
"あぶない水着'23上",null,null,null,null,null,null,null,null,null
"あぶない水着'23下",null,null,null,null,null,null,null,null,null
"あぶない水着'24上",null,null,null,null,null,null,null,null,null
"あぶない水着'24下",null,null,null,null,null,null,null,null,null
"あぶない水着上",null,null,null,null,null,null,null,null,null
"あぶない水着下",null,null,null,null,null,null,null,null,null
"あぶない髪飾り",null,null,null,null,null,null,null,null,null
"あぶない髪飾り'21",null,null,null,null,null,null,null,null,null
"あらくれものTシャツ",null,null,null,null,null,null,null,null,null
"ありがとうTシャツ",null,null,null,null,null,null,null,null,null
"いい戦いTシャツ",null,null,null,null,null,null,null,null,null
"いかずちのつえ",null,null,null,null,null,null,null,null,null
"いちふじヘッド",null,null,null,null,null,null,null,null,null
"いなずまの剣",null,null,null,null,null,null,null,null,null
"いのちのリング",null,null,null,null,null,null,null,null,null
"いのりのゆびわ",null,null,null,null,null,null,null,null,null
"いやしのぼうし",null,null,null,null,null,null,null,null,null
"いやしのズボン",null,null,null,null,null,null,null,null,null
"いやしの服",null,null,null,null,null,null,null,null,null
"い・ろ・は・すTシャツ",null,null,null,null,null,null,null,null,null
"い・ろ・は・すピアス",null,null,null,null,null,null,null,null,null
"うさぎのしっぽ",null,null,null,null,null,null,null,null,null
"えいゆうのやり",null,null,null,null,null,null,null,null,null
"えんぶのこん",null,null,null,null,null,null,null,null,null
"おうごんのうでわ",null,null,null,null,null,null,null,null,null
"おうごんのティアラ",null,null,null,null,null,null,null,null,null
"おうじゃのマント上",null,null,null,null,null,null,null,null,null
"おうじゃのマント下",null,null,null,null,null,null,null,null,null
"おしゃぶり",null,null,null,null,null,null,null,null,null
"おせっかいTシャツ",null,null,null,null,null,null,null,null,null
"おめでたい指輪",null,null,null,null,null,null,null,null,null
"おやぶんの大盾",null,null,null,null,null,null,null,null,null
"お花のパーカー水着上",null,null,null,null,null,null,null,null,null
"お花のパーカー水着下",null,null,null,null,null,null,null,null,null
"かしの大盾",null,null,null,null,null,null,null,null,null
"きせきのつるぎ",null,null,null,null,null,null,null,null,null
"きせきのイヤリング",null,null,null,null,null,null,null,null,null
"きぬのぼうし",null,null,null,null,null,null,null,null,null
"きぬのローブ上",null,null,null,null,null,null,null,null,null
"きぬのローブ下",null,null,null,null,null,null,null,null,null
"きぼりのめがみぞう",null,null,null,null,null,null,null,null,null
"きんのゆびわ",null,null,null,null,null,null,null,null,null
"ぎょうじゃのこん",null,null,null,null,null,null,null,null,null
"ぎんがのつるぎ",null,null,null,null,null,null,null,null,null
"ぎんのこしだれ",null,null,null,null,null,null,null,null,null
"ぎんのはちがね",null,null,null,null,null,null,null,null,null
"ぎんのむねあて",null,null,null,null,null,null,null,null,null
"ぎんのレイピア",null,null,null,null,null,null,null,null,null
"ぎんのロザリオ",null,null,null,null,null,null,null,null,null
"ぎんの短剣",null,null,null,null,null,null,null,null,null
"くさなぎのけん",null,null,null,null,null,null,null,null,null
"くさなぎの戦羽織",null,null,null,null,null,null,null,null,null
"くさなぎの戦袴",null,null,null,null,null,null,null,null,null
"くさなぎの鉢金",null,null,null,null,null,null,null,null,null
"くさりかたびら上",null,null,null,null,null,null,null,null,null
"くさりかたびら下",null,null,null,null,null,null,null,null,null
"くさりがま",null,null,null,null,null,null,null,null,null
"くさりのはちがね",null,null,null,null,null,null,null,null,null
"くじけぬこころ",null,null,null,null,null,null,null,null,null
"くじニャーゴのふく上",null,null,null,null,null,null,null,null,null
"くじニャーゴのふく下",null,null,null,null,null,null,null,null,null
"くじニャーゴの帽子",null,null,null,null,null,null,null,null,null
"くない",null,null,null,null,null,null,null,null,null
"くろがねのはちがね",null,null,null,null,null,null,null,null,null
"くろがねのよろい上",null,null,null,null,null,null,null,null,null
"くろがねのよろい下",null,null,null,null,null,null,null,null,null
"けんじゃのローブ上",null,null,null,null,null,null,null,null,null
"けんじゃのローブ下",null,null,null,null,null,null,null,null,null
"げっかのころも上",null,null,null,null,null,null,null,null,null
"げっかのころも下",null,null,null,null,null,null,null,null,null
"げっかびじん",null,null,null,null,null,null,null,null,null
"げんぶのかぶと",null,null,null,null,null,null,null,null,null
"げんぶの道着上",null,null,null,null,null,null,null,null,null
"げんぶの道着下",null,null,null,null,null,null,null,null,null
"こあくまネイル",null,null,null,null,null,null,null,null,null
"ごうけつのうでわ",null,null,null,null,null,null,null,null,null
"さくらのネックレス",null,null,null,null,null,null,null,null,null
"さくらのピアス",null,null,null,null,null,null,null,null,null
"さすらいの剣士の帽子",null,null,null,null,null,null,null,null,null
"さすらいの剣士の服上",null,null,null,null,null,null,null,null,null
"さすらいの剣士の服下",null,null,null,null,null,null,null,null,null
"さとりのかんむり",null,null,null,null,null,null,null,null,null
"さとりのころも上",null,null,null,null,null,null,null,null,null
"さとりのころも下",null,null,null,null,null,null,null,null,null
"さとりのしょ",null,null,null,null,null,null,null,null,null
"さとりのつえ",null,null,null,null,null,null,null,null,null
"さばきのこん",null,null,null,null,null,null,null,null,null
"さんぞくのサーベル",null,null,null,null,null,null,null,null,null
"さんなすびヘッド",null,null,null,null,null,null,null,null,null
"さんなすびボディ",null,null,null,null,null,null,null,null,null
"しっぷうのうでわ",null,null,null,null,null,null,null,null,null
"しのくびかざり",null,null,null,null,null,null,null,null,null
"しんごんのじゅず",null,null,null,null,null,null,null,null,null
"しんぱんのかぶと",null,null,null,null,null,null,null,null,null
"しんぴのかぶと",null,null,null,null,null,null,null,null,null
"しんぴのよろい上",null,null,null,null,null,null,null,null,null
"しんぴのよろい下",null,null,null,null,null,null,null,null,null
"しんぴのビスチェ上",null,null,null,null,null,null,null,null,null
"しんぴのビスチェ下",null,null,null,null,null,null,null,null,null
"しんぴのリボン",null,null,null,null,null,null,null,null,null
"しんぴの水晶",null,null,null,null,null,null,null,null,null
"しんぴの盾",null,null,null,null,null,null,null,null,null
"しんりのぼうし",null,null,null,null,null,null,null,null,null
"しんりのローブ上",null,null,null,null,null,null,null,null,null
"しんりのローブ下",null,null,null,null,null,null,null,null,null
"しんわのよろい",null,null,null,null,null,null,null,null,null
"じげんりゅうの戦冠",null,null,null,null,null,null,null,null,null
"じげんりゅうの装束上",null,null,null,null,null,null,null,null,null
"じげんりゅうの装束下",null,null,null,null,null,null,null,null,null
"じげんりゅうの闘扇",null,null,null,null,null,null,null,null,null
"じごくの法衣上",null,null,null,null,null,null,null,null,null
"じごくの法衣下",null,null,null,null,null,null,null,null,null
"じごくの王冠",null,null,null,null,null,null,null,null,null
"じごくの魔鏡",null,null,null,null,null,null,null,null,null
"じゃしんのめん",null,null,null,null,null,null,null,null,null
"ずのうめいせきTシャツ",null,null,null,null,null,null,null,null,null
"せいどうのツメ",null,null,null,null,null,null,null,null,null
"せいどうの盾",null,null,null,null,null,null,null,null,null
"せかいのはんぶんT",null,null,null,null,null,null,null,null,null
"せかいのはんぶん×2T",null,null,null,null,null,null,null,null,null
"たいようのかんむり",null,null,null,null,null,null,null,null,null
"たいようの盾",null,null,null,null,null,null,null,null,null
"たつじんのオノ",null,null,null,null,null,null,null,null,null
"ちからじまんTシャツ",null,null,null,null,null,null,null,null,null
"ちからのたて",null,null,null,null,null,null,null,null,null
"ちからのゆびわ",null,null,null,null,null,null,null,null,null
"ちからのペンダント",null,null,null,null,null,null,null,null,null
"ちょうちょのあざ",null,null,null,null,null,null,null,null,null
"てつのこしだれ",null,null,null,null,null,null,null,null,null
"てつのはちがね",null,null,null,null,null,null,null,null,null
"てつのむねあて",null,null,null,null,null,null,null,null,null
"てつの大盾",null,null,null,null,null,null,null,null,null
"てんていのブーツ",null,null,null,null,null,null,null,null,null
"とらおとこのかぶりもの",null,null,null,null,null,null,null,null,null
"とらおとこのきぐるみ",null,null,null,null,null,null,null,null,null
"どうの大剣",null,null,null,null,null,null,null,null,null
"どこでもキャップ",null,null,null,null,null,null,null,null,null
"なかまキャップ",null,null,null,null,null,null,null,null,null
"なかよしペンダント",null,null,null,null,null,null,null,null,null
"なっちゃんの首飾り",null,null,null,null,null,null,null,null,null
"にげにげリング",null,null,null,null,null,null,null,null,null
"にじのしずく",null,null,null,null,null,null,null,null,null
"にじのしずく+",null,null,null,null,null,null,null,null,null
"にたかヘッド",null,null,null,null,null,null,null,null,null
"にわかなお面",null,null,null,null,null,null,null,null,null
"ねっこのうでわ",null,null,null,null,null,null,null,null,null
"のろいのベルト",null,null,null,null,null,null,null,null,null
"はおうのオノ",null,null,null,null,null,null,null,null,null
"はかいのことわり",null,null,null,null,null,null,null,null,null
"はかいのつるぎ",null,null,null,null,null,null,null,null,null
"はかいのてっきゅう",null,null,null,null,null,null,null,null,null
"はがねのかぶと",null,null,null,null,null,null,null,null,null
"はがねのやり",null,null,null,null,null,null,null,null,null
"はがねのよろい上",null,null,null,null,null,null,null,null,null
"はがねのよろい下",null,null,null,null,null,null,null,null,null
"はがねのツメ",null,null,null,null,null,null,null,null,null
"はがねのブーメラン",null,null,null,null,null,null,null,null,null
"はがねのムチ",null,null,null,null,null,null,null,null,null
"はがねの大盾",null,null,null,null,null,null,null,null,null
"はくあいのゆびわ",null,null,null,null,null,null,null,null,null
"はぐれメタルの剣",null,null,null,null,null,null,null,null,null
"はぐれメタルの盾",null,null,null,null,null,null,null,null,null
"はぐれメタルよろい上",null,null,null,null,null,null,null,null,null
"はぐれメタルよろい下",null,null,null,null,null,null,null,null,null
"はぐれメタルヘルム",null,null,null,null,null,null,null,null,null
"はぐメタのお守り",null,null,null,null,null,null,null,null,null
"はやてのキュロット",null,null,null,null,null,null,null,null,null
"はやてのバンダナ",null,null,null,null,null,null,null,null,null
"はやてのベスト",null,null,null,null,null,null,null,null,null
"はやてのリング",null,null,null,null,null,null,null,null,null
"はやぶさの剣",null,null,null,null,null,null,null,null,null
"ひかりのかぶと",null,null,null,null,null,null,null,null,null
"ひかりのたま",null,null,null,null,null,null,null,null,null
"ひかりのつえ",null,null,null,null,null,null,null,null,null
"ひかりのよろい上",null,null,null,null,null,null,null,null,null
"ひかりのよろい下",null,null,null,null,null,null,null,null,null
"ひかりのタクト",null,null,null,null,null,null,null,null,null
"ひなまつりの耳飾り",null,null,null,null,null,null,null,null,null
"ひのきのぼう",null,null,null,null,null,null,null,null,null
"ふしぎなタンバリン",null,null,null,null,null,null,null,null,null
"ふなのりのほね",null,null,null,null,null,null,null,null,null
"ふんどし・白",null,null,null,null,null,null,null,null,null
"ふんどし・赤",null,null,null,null,null,null,null,null,null
"ふんどし・金",null,null,null,null,null,null,null,null,null
"ぷにぷに肉球ロッド",null,null,null,null,null,null,null,null,null
"へんなベルト",null,null,null,null,null,null,null,null,null
"ほうきスピア",null,null,null,null,null,null,null,null,null
"ほこらキャップ",null,null,null,null,null,null,null,null,null
"ほしくずのピアス",null,null,null,null,null,null,null,null,null
"ほのおのつえ",null,null,null,null,null,null,null,null,null
"ほのおのつるぎ",null,null,null,null,null,null,null,null,null
"ほのおのルビー",null,null,null,null,null,null,null,null,null
"ほのおのルビー+",null,null,null,null,null,null,null,null,null
"ほのおの盾",null,null,null,null,null,null,null,null,null
"ほのかなひかりのたま",null,null,null,null,null,null,null,null,null
"ほむらのいんろう",null,null,null,null,null,null,null,null,null
"ほむらのいんろう+",null,null,null,null,null,null,null,null,null
"まじないしターバン",null,null,null,null,null,null,null,null,null
"まじないしローブ上",null,null,null,null,null,null,null,null,null
"まじないしローブ下",null,null,null,null,null,null,null,null,null
"まじんのかなづち",null,null,null,null,null,null,null,null,null
"まじんのよろい上",null,null,null,null,null,null,null,null,null
"まじんのよろい下",null,null,null,null,null,null,null,null,null
"まじんのオノ",null,null,null,null,null,null,null,null,null
"まどろみのこん",null,null,null,null,null,null,null,null,null
"まなつのせんしTシャツ",null,null,null,null,null,null,null,null,null
"まなつのせんしハット",null,null,null,null,null,null,null,null,null
"まなつのせんしパンツ",null,null,null,null,null,null,null,null,null
"まなつのぼうし",null,null,null,null,null,null,null,null,null
"まなつのパンツ",null,null,null,null,null,null,null,null,null
"まほうのよろい上",null,null,null,null,null,null,null,null,null
"まほうのよろい下",null,null,null,null,null,null,null,null,null
"まほうの盾",null,null,null,null,null,null,null,null,null
"まほうサークレット",null,null,null,null,null,null,null,null,null
"まものマスターのすず",null,null,null,null,null,null,null,null,null
"まもりのルビー",null,null,null,null,null,null,null,null,null
"まよけのすず",null,null,null,null,null,null,null,null,null
"みかわしのぼうし",null,null,null,null,null,null,null,null,null
"みかわしの服上",null,null,null,null,null,null,null,null,null
"みかわしの服下",null,null,null,null,null,null,null,null,null
"みずのはごろも上",null,null,null,null,null,null,null,null,null
"みずのはごろも下",null,null,null,null,null,null,null,null,null
"みずの宝冠",null,null,null,null,null,null,null,null,null
"みちびきの盾",null,null,null,null,null,null,null,null,null
"みわくのリボン",null,null,null,null,null,null,null,null,null
"むっつりすけべTシャツ",null,null,null,null,null,null,null,null,null
"めざましリング",null,null,null,null,null,null,null,null,null
"もみじのピアス",null,null,null,null,null,null,null,null,null
"やしゃのこん",null,null,null,null,null,null,null,null,null
"やみのころもの黒炎",null,null,null,null,null,null,null,null,null
"やみのたま",null,null,null,null,null,null,null,null,null
"よるのパピヨン",null,null,null,null,null,null,null,null,null
"らいじんのやり",null,null,null,null,null,null,null,null,null
"らいめいのけん",null,null,null,null,null,null,null,null,null
"らせつのこん",null,null,null,null,null,null,null,null,null
"りゅうおうのかぶと",null,null,null,null,null,null,null,null,null
"りゅうおうのつえ",null,null,null,null,null,null,null,null,null
"りゅうおうヘッド",null,null,null,null,null,null,null,null,null
"りゅうおうローブ上",null,null,null,null,null,null,null,null,null
"りゅうおうローブ下",null,null,null,null,null,null,null,null,null
"わた帽",null,null,null,null,null,null,null,null,null
"アクエリアスTシャツ",null,null,null,null,null,null,null,null,null
"アドこころTシャツ",null,null,null,null,null,null,null,null,null
"アバンのしるし",null,null,null,null,null,null,null,null,null
"アバンの書",null,null,null,null,null,null,null,null,null
"アバンヘアー",null,null,null,null,null,null,null,null,null
"アリアハンのかぶと",null,null,null,null,null,null,null,null,null
"アリアハンの剣",null,null,null,null,null,null,null,null,null
"アリアハンの服上",null,null,null,null,null,null,null,null,null
"アリアハンの服下",null,null,null,null,null,null,null,null,null
"アリアハンの盾",null,null,null,null,null,null,null,null,null
"アルゴンリング",null,null,null,null,null,null,null,null,null
"イブールの本",null,null,null,null,null,null,null,null,null
"インフェルノワンド",null,null,null,null,null,null,null,null,null
"イーグルスヘッド",null,null,null,null,null,null,null,null,null
"イーグルスユニ",null,null,null,null,null,null,null,null,null
"イーグルス野球帽",null,null,null,null,null,null,null,null,null
"イーグルダガー",null,null,null,null,null,null,null,null,null
"ウォーカースタイルTシャツ",null,null,null,null,null,null,null,null,null
"ウォークロゴTシャツ",null,null,null,null,null,null,null,null,null
"ウサミミバンド",null,null,null,null,null,null,null,null,null
"ウロボロスのたて",null,null,null,null,null,null,null,null,null
"ウロボロスのつえ",null,null,null,null,null,null,null,null,null
"エイトのバンダナ",null,null,null,null,null,null,null,null,null
"エイトの服",null,null,null,null,null,null,null,null,null
"エクセキュートドレス上",null,null,null,null,null,null,null,null,null
"エクセキュートドレス下",null,null,null,null,null,null,null,null,null
"エッチな本",null,null,null,null,null,null,null,null,null
"エペ剣",null,null,null,null,null,null,null,null,null
"エルシィのジャケット",null,null,null,null,null,null,null,null,null
"エルシィのブーツ",null,null,null,null,null,null,null,null,null
"エルシィの眼鏡",null,null,null,null,null,null,null,null,null
"エルシオン学院制服",null,null,null,null,null,null,null,null,null
"エルシオン学院制服(茶)",null,null,null,null,null,null,null,null,null
"エルフのロザリーの服",null,null,null,null,null,null,null,null,null
"エルフのロザリーヘアー",null,null,null,null,null,null,null,null,null
"エンシェントククリ",null,null,null,null,null,null,null,null,null
"エンジェルロッド",null,null,null,null,null,null,null,null,null
"エンゼルスライム帽",null,null,null,null,null,null,null,null,null
"オチェアーノの剣",null,null,null,null,null,null,null,null,null
"オニグモの盾",null,null,null,null,null,null,null,null,null
"オルゴ・デミーラの首飾り",null,null,null,null,null,null,null,null,null
"オルゴーのよろい上",null,null,null,null,null,null,null,null,null
"オルゴーのよろい下",null,null,null,null,null,null,null,null,null
"オルテガのかぶと",null,null,null,null,null,null,null,null,null
"オルテガのオノ",null,null,null,null,null,null,null,null,null
"オルテガの服上",null,null,null,null,null,null,null,null,null
"オルテガの服下",null,null,null,null,null,null,null,null,null
"オーシャンウィップ",null,null,null,null,null,null,null,null,null
"オーロラの杖",null,null,null,null,null,null,null,null,null
"カイトバックラー",null,null,null,null,null,null,null,null,null
"カエルジャンパー",null,null,null,null,null,null,null,null,null
"カエルパンツ",null,null,null,null,null,null,null,null,null
"カエルフード",null,null,null,null,null,null,null,null,null
"カジノ大王ヘッド",null,null,null,null,null,null,null,null,null
"カリスマ聖堂騎士の服上",null,null,null,null,null,null,null,null,null
"カリスマ聖堂騎士の服下",null,null,null,null,null,null,null,null,null
"カリスマ聖堂騎士の髪留",null,null,null,null,null,null,null,null,null
"カルベロビュート",null,null,null,null,null,null,null,null,null
"カンダタトマホーク",null,null,null,null,null,null,null,null,null
"カンダタマスク",null,null,null,null,null,null,null,null,null
"カーニバルピアス",null,null,null,null,null,null,null,null,null
"ガイアのかぶと",null,null,null,null,null,null,null,null,null
"ガイアのつるぎ",null,null,null,null,null,null,null,null,null
"ガイアのよろい上",null,null,null,null,null,null,null,null,null
"ガイアのよろい下",null,null,null,null,null,null,null,null,null
"ガイアの盾",null,null,null,null,null,null,null,null,null
"ガイアーラのよろい上",null,null,null,null,null,null,null,null,null
"ガイアーラのよろい下",null,null,null,null,null,null,null,null,null
"ガラスのくつ",null,null,null,null,null,null,null,null,null
"ガルーダウィング",null,null,null,null,null,null,null,null,null
"ガルーダヘルム",null,null,null,null,null,null,null,null,null
"ガルーダメイル上",null,null,null,null,null,null,null,null,null
"ガルーダメイル下",null,null,null,null,null,null,null,null,null
"ガーターベルト",null,null,null,null,null,null,null,null,null
"キャプテンコート上",null,null,null,null,null,null,null,null,null
"キャプテンコート下",null,null,null,null,null,null,null,null,null
"キャプテンハット",null,null,null,null,null,null,null,null,null
"キラージャマーα",null,null,null,null,null,null,null,null,null
"キラージャマーβ",null,null,null,null,null,null,null,null,null
"キラージャマーγ",null,null,null,null,null,null,null,null,null
"キラージャマーδ",null,null,null,null,null,null,null,null,null
"キラーゾーンTシャツ",null,null,null,null,null,null,null,null,null
"キラーピアス",null,null,null,null,null,null,null,null,null
"キルバーンヘッド",null,null,null,null,null,null,null,null,null
"キングアックス",null,null,null,null,null,null,null,null,null
"キーファのふく上",null,null,null,null,null,null,null,null,null
"キーファのふく下",null,null,null,null,null,null,null,null,null
"キーファの剣",null,null,null,null,null,null,null,null,null
"キーファヘアー",null,null,null,null,null,null,null,null,null
"ギガンテスのお面",null,null,null,null,null,null,null,null,null
"ギガンテスのツノ",null,null,null,null,null,null,null,null,null
"ギガンテスのベルト",null,null,null,null,null,null,null,null,null
"ギガンテスの棍棒",null,null,null,null,null,null,null,null,null
"ギガンテスヘッド",null,null,null,null,null,null,null,null,null
"クラン・スピネル",null,null,null,null,null,null,null,null,null
"クリスタルクロー",null,null,null,null,null,null,null,null,null
"クリフトのやり",null,null,null,null,null,null,null,null,null
"クリフトの神官帽",null,null,null,null,null,null,null,null,null
"クリフトの神官服上",null,null,null,null,null,null,null,null,null
"クリフトの神官服下",null,null,null,null,null,null,null,null,null
"クリフトの聖杖",null,null,null,null,null,null,null,null,null
"クレセントムーン",null,null,null,null,null,null,null,null,null
"グラコスヘッド",null,null,null,null,null,null,null,null,null
"グランゼドーラの剣",null,null,null,null,null,null,null,null,null
"グランゼドーラの勲章",null,null,null,null,null,null,null,null,null
"グランゼドーラの盾",null,null,null,null,null,null,null,null,null
"グランターバン",null,null,null,null,null,null,null,null,null
"グランバニアローブ",null,null,null,null,null,null,null,null,null
"グリンガムのムチ",null,null,null,null,null,null,null,null,null
"グレートアックス",null,null,null,null,null,null,null,null,null
"ゲルダの華かんざし",null,null,null,null,null,null,null,null,null
"コカ・コーラTシャツ",null,null,null,null,null,null,null,null,null
"コカ・コーラTシャツ(白)",null,null,null,null,null,null,null,null,null
"コカ・コーラの着ぐるみ",null,null,null,null,null,null,null,null,null
"コカ・コーラシールド",null,null,null,null,null,null,null,null,null
"コカ・コーラハンマー",null,null,null,null,null,null,null,null,null
"ココメルペンダント",null,null,null,null,null,null,null,null,null
"ココメルペンダント+",null,null,null,null,null,null,null,null,null
"コドラウィップ",null,null,null,null,null,null,null,null,null
"ゴシックパラソル",null,null,null,null,null,null,null,null,null
"ゴメちゃんアクセ",null,null,null,null,null,null,null,null,null
"ゴメちゃんヘッド",null,null,null,null,null,null,null,null,null
"ゴールデンアーマー上",null,null,null,null,null,null,null,null,null
"ゴールデンアーマー下",null,null,null,null,null,null,null,null,null
"ゴールデンクレイモア",null,null,null,null,null,null,null,null,null
"ゴールデンサークレット",null,null,null,null,null,null,null,null,null
"ゴールドマンピアス",null,null,null,null,null,null,null,null,null
"ゴーレムヘッド",null,null,null,null,null,null,null,null,null
"ゴーレムボディ",null,null,null,null,null,null,null,null,null
"サタンフォーク",null,null,null,null,null,null,null,null,null
"サニーアンクレット",null,null,null,null,null,null,null,null,null
"サファイアのピアス",null,null,null,null,null,null,null,null,null
"サフランハット",null,null,null,null,null,null,null,null,null
"サフランローブ上",null,null,null,null,null,null,null,null,null
"サフランローブ下",null,null,null,null,null,null,null,null,null
"サマルトリアの服",null,null,null,null,null,null,null,null,null
"サマルトリアヘアー",null,null,null,null,null,null,null,null,null
"サマーメモリー",null,null,null,null,null,null,null,null,null
"サングラス（ハート）",null,null,null,null,null,null,null,null,null
"サングラス（黒）",null,null,null,null,null,null,null,null,null
"サンタのふく上",null,null,null,null,null,null,null,null,null
"サンタのふく下",null,null,null,null,null,null,null,null,null
"サンタのぼうし",null,null,null,null,null,null,null,null,null
"サンタスライムヘッド",null,null,null,null,null,null,null,null,null
"サンタローズの宝石",null,null,null,null,null,null,null,null,null
"ショーマンの蝶ネクタイ",null,null,null,null,null,null,null,null,null
"シルバークロー",null,null,null,null,null,null,null,null,null
"シルバートレイ",null,null,null,null,null,null,null,null,null
"シーブスナイフ",null,null,null,null,null,null,null,null,null
"ジャミヘッド",null,null,null,null,null,null,null,null,null
"ジャミラスヘッド",null,null,null,null,null,null,null,null,null
"ジョージアTシャツ",null,null,null,null,null,null,null,null,null
"ジョージアのベルト",null,null,null,null,null,null,null,null,null
"スイカブーメラン",null,null,null,null,null,null,null,null,null
"スイカ岩Tシャツ",null,null,null,null,null,null,null,null,null
"スイカ岩ハット",null,null,null,null,null,null,null,null,null
"スイカ岩パンツ",null,null,null,null,null,null,null,null,null
"スコーピオンテイル",null,null,null,null,null,null,null,null,null
"スターリーステッキ",null,null,null,null,null,null,null,null,null
"ストロスのつえ",null,null,null,null,null,null,null,null,null
"ストームアンカー",null,null,null,null,null,null,null,null,null
"スニーカーTシャツ",null,null,null,null,null,null,null,null,null
"スフィーダのたて",null,null,null,null,null,null,null,null,null
"スペシャルキャップ",null,null,null,null,null,null,null,null,null
"スラいいね！の勲章",null,null,null,null,null,null,null,null,null
"スラよしヘッド",null,null,null,null,null,null,null,null,null
"スライむすび首飾り",null,null,null,null,null,null,null,null,null
"スライムのお面",null,null,null,null,null,null,null,null,null
"スライムのオーブ",null,null,null,null,null,null,null,null,null
"スライムのオーブ+",null,null,null,null,null,null,null,null,null
"スライムのオーブ++",null,null,null,null,null,null,null,null,null
"スライムパンツ",null,null,null,null,null,null,null,null,null
"スライムピアス",null,null,null,null,null,null,null,null,null
"スライムヘッド",null,null,null,null,null,null,null,null,null
"スライムベスのお面",null,null,null,null,null,null,null,null,null
"スライムベスピアス",null,null,null,null,null,null,null,null,null
"スライムボディ",null,null,null,null,null,null,null,null,null
"スライムボール",null,null,null,null,null,null,null,null,null
"スラタワパンツ・桃",null,null,null,null,null,null,null,null,null
"スラタワパンツ・白",null,null,null,null,null,null,null,null,null
"スラタワパンツ・紺",null,null,null,null,null,null,null,null,null
"スラタワパンツ・緑",null,null,null,null,null,null,null,null,null
"スラタワパンツ・茶",null,null,null,null,null,null,null,null,null
"スラタワパンツ・黄",null,null,null,null,null,null,null,null,null
"スラタワヘッド・桃",null,null,null,null,null,null,null,null,null
"スラタワヘッド・白",null,null,null,null,null,null,null,null,null
"スラタワヘッド・紺",null,null,null,null,null,null,null,null,null
"スラタワヘッド・緑",null,null,null,null,null,null,null,null,null
"スラタワヘッド・茶",null,null,null,null,null,null,null,null,null
"スラタワヘッド・黄",null,null,null,null,null,null,null,null,null
"スラタワボディ・桃",null,null,null,null,null,null,null,null,null
"スラタワボディ・白",null,null,null,null,null,null,null,null,null
"スラタワボディ・紺",null,null,null,null,null,null,null,null,null
"スラタワボディ・緑",null,null,null,null,null,null,null,null,null
"スラタワボディ・茶",null,null,null,null,null,null,null,null,null
"スラタワボディ・黄",null,null,null,null,null,null,null,null,null
"スラミチキャップ",null,null,null,null,null,null,null,null,null
"スラミチヘッド",null,null,null,null,null,null,null,null,null
"スラリン・ギア",null,null,null,null,null,null,null,null,null
"スラ子ヘッド",null,null,null,null,null,null,null,null,null
"スーパーノヴァ",null,null,null,null,null,null,null,null,null
"セイレーンティアラ",null,null,null,null,null,null,null,null,null
"セイレーンドレス上",null,null,null,null,null,null,null,null,null
"セイレーンドレス下",null,null,null,null,null,null,null,null,null
"セティアコサージュ",null,null,null,null,null,null,null,null,null
"セティアドレス上",null,null,null,null,null,null,null,null,null
"セティアドレス下",null,null,null,null,null,null,null,null,null
"セバスのかぶと",null,null,null,null,null,null,null,null,null
"セラフィの服上",null,null,null,null,null,null,null,null,null
"セラフィの服下",null,null,null,null,null,null,null,null,null
"セラフィの麦わら帽",null,null,null,null,null,null,null,null,null
"セラフィアンクレット",null,null,null,null,null,null,null,null,null
"セラフィゴーグル",null,null,null,null,null,null,null,null,null
"セラフィムのやり",null,null,null,null,null,null,null,null,null
"セレモニーロッド",null,null,null,null,null,null,null,null,null
"ゼシカの服",null,null,null,null,null,null,null,null,null
"ゼシカの髪留",null,null,null,null,null,null,null,null,null
"ゼシカヘアー",null,null,null,null,null,null,null,null,null
"ソードブレイカー",null,null,null,null,null,null,null,null,null
"ゾンビのオーブ",null,null,null,null,null,null,null,null,null
"ゾンビのオーブ+",null,null,null,null,null,null,null,null,null
"ゾンビのオーブ++",null,null,null,null,null,null,null,null,null
"ゾンビキラー",null,null,null,null,null,null,null,null,null
"タワッピーパンツ",null,null,null,null,null,null,null,null,null
"タワッピーヘッド",null,null,null,null,null,null,null,null,null
"タワッピーボディ",null,null,null,null,null,null,null,null,null
"ダイ(ロモス)のかんむり",null,null,null,null,null,null,null,null,null
"ダイ(ロモス)の鎧上",null,null,null,null,null,null,null,null,null
"ダイ(ロモス)の鎧下",null,null,null,null,null,null,null,null,null
"ダクスラヘッド",null,null,null,null,null,null,null,null,null
"ダンシングロッド",null,null,null,null,null,null,null,null,null
"ダークキングの牙",null,null,null,null,null,null,null,null,null
"ダークタトゥー",null,null,null,null,null,null,null,null,null
"チャンピオンベルト",null,null,null,null,null,null,null,null,null
"チョメのうでわ",null,null,null,null,null,null,null,null,null
"ツインクルタクト",null,null,null,null,null,null,null,null,null
"ツインスワロー",null,null,null,null,null,null,null,null,null
"ツリーピアス",null,null,null,null,null,null,null,null,null
"テリーの剣",null,null,null,null,null,null,null,null,null
"デカビタCの首飾り",null,null,null,null,null,null,null,null,null
"デスタムーアヘッド",null,null,null,null,null,null,null,null,null
"デスピサロのかぶと",null,null,null,null,null,null,null,null,null
"デスピサロの牙",null,null,null,null,null,null,null,null,null
"デスピサロよろい上",null,null,null,null,null,null,null,null,null
"デスピサロよろい下",null,null,null,null,null,null,null,null,null
"デスピサロヘッド",null,null,null,null,null,null,null,null,null
"デセオのパス",null,null,null,null,null,null,null,null,null
"デボラヘアー",null,null,null,null,null,null,null,null,null
"デボラワンピース",null,null,null,null,null,null,null,null,null
"デュランヘッド",null,null,null,null,null,null,null,null,null
"トナカイかぶりもの",null,null,null,null,null,null,null,null,null
"トナカイきぐるみ",null,null,null,null,null,null,null,null,null
"トルナードのたて",null,null,null,null,null,null,null,null,null
"トレジャーキャップ",null,null,null,null,null,null,null,null,null
"トレジャーコート上",null,null,null,null,null,null,null,null,null
"トレジャーコート下",null,null,null,null,null,null,null,null,null
"トワイライトハット",null,null,null,null,null,null,null,null,null
"トワイライトフリル上",null,null,null,null,null,null,null,null,null
"トワイライトフリル下",null,null,null,null,null,null,null,null,null
"トワイライトブルーム",null,null,null,null,null,null,null,null,null
"トーテムパンツ",null,null,null,null,null,null,null,null,null
"トーテムヘッド",null,null,null,null,null,null,null,null,null
"トーテムボディ",null,null,null,null,null,null,null,null,null
"トーポのお守り",null,null,null,null,null,null,null,null,null
"ドクロのゆびわ",null,null,null,null,null,null,null,null,null
"ドラキーのお面",null,null,null,null,null,null,null,null,null
"ドラゴロウヘッド",null,null,null,null,null,null,null,null,null
"ドラゴンのつえ",null,null,null,null,null,null,null,null,null
"ドラゴンのオーブ",null,null,null,null,null,null,null,null,null
"ドラゴンのオーブ+",null,null,null,null,null,null,null,null,null
"ドラゴンのオーブ++",null,null,null,null,null,null,null,null,null
"ドラゴンの戦角",null,null,null,null,null,null,null,null,null
"ドラゴンの暴翼",null,null,null,null,null,null,null,null,null
"ドラゴンの闘尾",null,null,null,null,null,null,null,null,null
"ドラゴンキラー",null,null,null,null,null,null,null,null,null
"ドラゴンシールド",null,null,null,null,null,null,null,null,null
"ドラゴンタトゥー",null,null,null,null,null,null,null,null,null
"ドラゴンファング",null,null,null,null,null,null,null,null,null
"ドラゴンブーメラン",null,null,null,null,null,null,null,null,null
"ドラゴンヘルム",null,null,null,null,null,null,null,null,null
"ドラゴンメイル上",null,null,null,null,null,null,null,null,null
"ドラゴンメイル下",null,null,null,null,null,null,null,null,null
"ドラゴンロッド",null,null,null,null,null,null,null,null,null
"ドランゴの闘斧",null,null,null,null,null,null,null,null,null
"ドルマゲスのローブ",null,null,null,null,null,null,null,null,null
"ドルマゲスヘッド",null,null,null,null,null,null,null,null,null
"ナイトメアチェーン",null,null,null,null,null,null,null,null,null
"ナインの服",null,null,null,null,null,null,null,null,null
"ナインヘアー",null,null,null,null,null,null,null,null,null
"ニューフェイスウィッグ",null,null,null,null,null,null,null,null,null
"ニューフェイストップス",null,null,null,null,null,null,null,null,null
"ニューフェイスボトム",null,null,null,null,null,null,null,null,null
"ニンジャカッター",null,null,null,null,null,null,null,null,null
"ノーブルコート上",null,null,null,null,null,null,null,null,null
"ノーブルコート下",null,null,null,null,null,null,null,null,null
"ノーブルハット",null,null,null,null,null,null,null,null,null
"ハッサンの服",null,null,null,null,null,null,null,null,null
"ハッサンヘアー",null,null,null,null,null,null,null,null,null
"ハンマースピア",null,null,null,null,null,null,null,null,null
"ハートのピアス",null,null,null,null,null,null,null,null,null
"ハートのペンダント",null,null,null,null,null,null,null,null,null
"バスターウィップ",null,null,null,null,null,null,null,null,null
"バスタードソード",null,null,null,null,null,null,null,null,null
"バッファローズヘッド",null,null,null,null,null,null,null,null,null
"バトラースーツ",null,null,null,null,null,null,null,null,null
"バトルアックス",null,null,null,null,null,null,null,null,null
"バトルシールド",null,null,null,null,null,null,null,null,null
"バトルチョーカー",null,null,null,null,null,null,null,null,null
"バトルティアラ",null,null,null,null,null,null,null,null,null
"バトルドレス上",null,null,null,null,null,null,null,null,null
"バトルドレス下",null,null,null,null,null,null,null,null,null
"バトルフォーク",null,null,null,null,null,null,null,null,null
"バニースーツ",null,null,null,null,null,null,null,null,null
"バファローズユニ",null,null,null,null,null,null,null,null,null
"バファローズ野球帽",null,null,null,null,null,null,null,null,null
"バランの鎧上",null,null,null,null,null,null,null,null,null
"バランの鎧下",null,null,null,null,null,null,null,null,null
"バロックエッジ",null,null,null,null,null,null,null,null,null
"バロックコート上",null,null,null,null,null,null,null,null,null
"バロックコート下",null,null,null,null,null,null,null,null,null
"バロックヘッド",null,null,null,null,null,null,null,null,null
"バロンのつのぶえ",null,null,null,null,null,null,null,null,null
"バンデッドチェイン",null,null,null,null,null,null,null,null,null
"バンデッドバンド",null,null,null,null,null,null,null,null,null
"バンデッドボトム",null,null,null,null,null,null,null,null,null
"パイソンウィップ",null,null,null,null,null,null,null,null,null
"パパスの剣",null,null,null,null,null,null,null,null,null
"パピヨンマスク",null,null,null,null,null,null,null,null,null
"パプニカのナイフ",null,null,null,null,null,null,null,null,null
"パルチザン",null,null,null,null,null,null,null,null,null
"パワーチャーム",null,null,null,null,null,null,null,null,null
"ビアンカの服",null,null,null,null,null,null,null,null,null
"ビアンカヘアー",null,null,null,null,null,null,null,null,null
"ビーナスのなみだ",null,null,null,null,null,null,null,null,null
"ピサロの指輪",null,null,null,null,null,null,null,null,null
"ピンクパールリング",null,null,null,null,null,null,null,null,null
"ピンスティック",null,null,null,null,null,null,null,null,null
"ファイターズヘッド",null,null,null,null,null,null,null,null,null
"ファイターズユニ",null,null,null,null,null,null,null,null,null
"ファイターズ野球帽",null,null,null,null,null,null,null,null,null
"ファンタTシャツ",null,null,null,null,null,null,null,null,null
"ファンタの着ぐるみ",null,null,null,null,null,null,null,null,null
"ファンタハンマー",null,null,null,null,null,null,null,null,null
"フエーゴのかぶと",null,null,null,null,null,null,null,null,null
"フォースコート上",null,null,null,null,null,null,null,null,null
"フォースコート下",null,null,null,null,null,null,null,null,null
"フォースハット",null,null,null,null,null,null,null,null,null
"フォーチュンドレス上",null,null,null,null,null,null,null,null,null
"フォーチュンドレス下",null,null,null,null,null,null,null,null,null
"フロストスティンガー",null,null,null,null,null,null,null,null,null
"フローラのドレス",null,null,null,null,null,null,null,null,null
"フローラヘアー",null,null,null,null,null,null,null,null,null
"ブルーハートピアス",null,null,null,null,null,null,null,null,null
"ブレアのかぶと",null,null,null,null,null,null,null,null,null
"ブレアのよろい上",null,null,null,null,null,null,null,null,null
"ブレアのよろい下",null,null,null,null,null,null,null,null,null
"ブレアの炎槍",null,null,null,null,null,null,null,null,null
"プクリポヘッド",null,null,null,null,null,null,null,null,null
"プチアノタクト",null,null,null,null,null,null,null,null,null
"プラチナウィング",null,null,null,null,null,null,null,null,null
"プラチナトレイ",null,null,null,null,null,null,null,null,null
"プラチナヘルム",null,null,null,null,null,null,null,null,null
"プラチナメイル上",null,null,null,null,null,null,null,null,null
"プラチナメイル下",null,null,null,null,null,null,null,null,null
"プレイコインの盾",null,null,null,null,null,null,null,null,null
"ペロリンステッキ",null,null,null,null,null,null,null,null,null
"ホミスラパンツ",null,null,null,null,null,null,null,null,null
"ホワイトバックラー",null,null,null,null,null,null,null,null,null
"ホークスヘッド",null,null,null,null,null,null,null,null,null
"ホークスユニ",null,null,null,null,null,null,null,null,null
"ホークス野球帽",null,null,null,null,null,null,null,null,null
"ホーリーカロット",null,null,null,null,null,null,null,null,null
"ホーリーセーラー上",null,null,null,null,null,null,null,null,null
"ホーリーセーラー下",null,null,null,null,null,null,null,null,null
"ホーリーハット",null,null,null,null,null,null,null,null,null
"ホーリーローブ上",null,null,null,null,null,null,null,null,null
"ホーリーローブ下",null,null,null,null,null,null,null,null,null
"ボルケーノウィップ",null,null,null,null,null,null,null,null,null
"ボーダーTシャツ・橙",null,null,null,null,null,null,null,null,null
"ボーダーTシャツ・紺",null,null,null,null,null,null,null,null,null
"ボーダーTシャツ・緑",null,null,null,null,null,null,null,null,null
"ボーダーTシャツ・銀",null,null,null,null,null,null,null,null,null
"ボーダーTシャツ・青",null,null,null,null,null,null,null,null,null
"ボーダーTシャツ・黄",null,null,null,null,null,null,null,null,null
"ポップのはちまき",null,null,null,null,null,null,null,null,null
"ポップの服上",null,null,null,null,null,null,null,null,null
"ポップの服下",null,null,null,null,null,null,null,null,null
"マァム(ロモス)の服上",null,null,null,null,null,null,null,null,null
"マァム(ロモス)の服下",null,null,null,null,null,null,null,null,null
"マァムのかんむり",null,null,null,null,null,null,null,null,null
"マグマのつえ",null,null,null,null,null,null,null,null,null
"マグロバスター",null,null,null,null,null,null,null,null,null
"マジカルスティック",null,null,null,null,null,null,null,null,null
"マジカルブースター",null,null,null,null,null,null,null,null,null
"マジックチャクラム",null,null,null,null,null,null,null,null,null
"マスタースラックス",null,null,null,null,null,null,null,null,null
"マスタードラゴンのやり",null,null,null,null,null,null,null,null,null
"マスタードラゴンの仮面",null,null,null,null,null,null,null,null,null
"マスタードラゴンの盾",null,null,null,null,null,null,null,null,null
"マスタードラゴンの鎧上",null,null,null,null,null,null,null,null,null
"マスタードラゴンの鎧下",null,null,null,null,null,null,null,null,null
"マスターハット",null,null,null,null,null,null,null,null,null
"マスターベスト",null,null,null,null,null,null,null,null,null
"マタドールスーツ上",null,null,null,null,null,null,null,null,null
"マタドールスーツ下",null,null,null,null,null,null,null,null,null
"マタドールバンド",null,null,null,null,null,null,null,null,null
"マチカフェ耳飾り",null,null,null,null,null,null,null,null,null
"マッスルパンツ",null,null,null,null,null,null,null,null,null
"マッスルボディ",null,null,null,null,null,null,null,null,null
"マリンキャップ",null,null,null,null,null,null,null,null,null
"マリンスカート",null,null,null,null,null,null,null,null,null
"マリンセーラー",null,null,null,null,null,null,null,null,null
"マリーンズヘッド",null,null,null,null,null,null,null,null,null
"マリーンズユニ",null,null,null,null,null,null,null,null,null
"マリーンズ野球帽",null,null,null,null,null,null,null,null,null
"マーメイドハープ",null,null,null,null,null,null,null,null,null
"ミイラ男のぼうし",null,null,null,null,null,null,null,null,null
"ミイラ男の服上",null,null,null,null,null,null,null,null,null
"ミイラ男の服下",null,null,null,null,null,null,null,null,null
"ミネアのヘアチェーン",null,null,null,null,null,null,null,null,null
"ミリオンダガー",null,null,null,null,null,null,null,null,null
"ミレーユの服",null,null,null,null,null,null,null,null,null
"ミレーユヘアー",null,null,null,null,null,null,null,null,null
"ムドーヘッド",null,null,null,null,null,null,null,null,null
"ムーンブルクドレス",null,null,null,null,null,null,null,null,null
"ムーンブルクフード",null,null,null,null,null,null,null,null,null
"メタスラのやり",null,null,null,null,null,null,null,null,null
"メタスラのオノ",null,null,null,null,null,null,null,null,null
"メタスラの剣",null,null,null,null,null,null,null,null,null
"メタスラの盾",null,null,null,null,null,null,null,null,null
"メタスラピアス",null,null,null,null,null,null,null,null,null
"メタブラパンツ",null,null,null,null,null,null,null,null,null
"メタブラヘッド",null,null,null,null,null,null,null,null,null
"メタブラボディ",null,null,null,null,null,null,null,null,null
"メタルウィング",null,null,null,null,null,null,null,null,null
"メタルキングの剣",null,null,null,null,null,null,null,null,null
"メタルキングの盾",null,null,null,null,null,null,null,null,null
"メタルキングよろい上",null,null,null,null,null,null,null,null,null
"メタルキングよろい下",null,null,null,null,null,null,null,null,null
"メタルキングヘッド",null,null,null,null,null,null,null,null,null
"メタルキングヘルム",null,null,null,null,null,null,null,null,null
"ヤスのお面",null,null,null,null,null,null,null,null,null
"ヤスのスーツ",null,null,null,null,null,null,null,null,null
"ヤンガスヘッド",null,null,null,null,null,null,null,null,null
"ユグドラシル",null,null,null,null,null,null,null,null,null
"ライオンの被り物",null,null,null,null,null,null,null,null,null
"ライオンズヘッド",null,null,null,null,null,null,null,null,null
"ライオンズユニ",null,null,null,null,null,null,null,null,null
"ライオンズ野球帽",null,null,null,null,null,null,null,null,null
"ライトアックス",null,null,null,null,null,null,null,null,null
"ライトニングダガー",null,null,null,null,null,null,null,null,null
"ライトバックラー",null,null,null,null,null,null,null,null,null
"ラダトームのかぶと",null,null,null,null,null,null,null,null,null
"ラダトームのつるぎ",null,null,null,null,null,null,null,null,null
"ラダトームのブローチ",null,null,null,null,null,null,null,null,null
"ラダトームの盾",null,null,null,null,null,null,null,null,null
"ラダトームよろい上",null,null,null,null,null,null,null,null,null
"ラダトームよろい下",null,null,null,null,null,null,null,null,null
"ラッキーペンダント",null,null,null,null,null,null,null,null,null
"ラブリースティック",null,null,null,null,null,null,null,null,null
"ラミアスのつるぎ",null,null,null,null,null,null,null,null,null
"ラーミアのムチ",null,null,null,null,null,null,null,null,null
"ラーミアの冠帽",null,null,null,null,null,null,null,null,null
"ラーミアの杖",null,null,null,null,null,null,null,null,null
"ラーミアの羽衣上",null,null,null,null,null,null,null,null,null
"ラーミアの羽衣下",null,null,null,null,null,null,null,null,null
"ラーミアの羽飾り",null,null,null,null,null,null,null,null,null
"ラーミアの霊衣上",null,null,null,null,null,null,null,null,null
"ラーミアの霊衣下",null,null,null,null,null,null,null,null,null
"リアルゴールドTシャツ",null,null,null,null,null,null,null,null,null
"リッカのおまもり",null,null,null,null,null,null,null,null,null
"ルビスのやり",null,null,null,null,null,null,null,null,null
"ルビスの剣",null,null,null,null,null,null,null,null,null
"ルビスの天冠",null,null,null,null,null,null,null,null,null
"ルビスの天鎧上",null,null,null,null,null,null,null,null,null
"ルビスの天鎧下",null,null,null,null,null,null,null,null,null
"ルビスの戦兜",null,null,null,null,null,null,null,null,null
"ルビスの戦鎧上",null,null,null,null,null,null,null,null,null
"ルビスの戦鎧下",null,null,null,null,null,null,null,null,null
"ルーンバックラー",null,null,null,null,null,null,null,null,null
"レイジングヘッド",null,null,null,null,null,null,null,null,null
"レイジングメイル上",null,null,null,null,null,null,null,null,null
"レイジングメイル下",null,null,null,null,null,null,null,null,null
"レックの服",null,null,null,null,null,null,null,null,null
"レックスかぶりもの",null,null,null,null,null,null,null,null,null
"レックスきぐるみ",null,null,null,null,null,null,null,null,null
"レックスのオノ",null,null,null,null,null,null,null,null,null
"レックヘアー",null,null,null,null,null,null,null,null,null
"ロザリーのつえ",null,null,null,null,null,null,null,null,null
"ロザリーの衣上",null,null,null,null,null,null,null,null,null
"ロザリーの衣下",null,null,null,null,null,null,null,null,null
"ロザリーの髪飾り",null,null,null,null,null,null,null,null,null
"ロトのかぶと",null,null,null,null,null,null,null,null,null
"ロトのしるし",null,null,null,null,null,null,null,null,null
"ロトのつるぎ",null,null,null,null,null,null,null,null,null
"ロトのよろい上",null,null,null,null,null,null,null,null,null
"ロトのよろい下",null,null,null,null,null,null,null,null,null
"ロトの盾",null,null,null,null,null,null,null,null,null
"ローズウィップ",null,null,null,null,null,null,null,null,null
"ローソンの制服上",null,null,null,null,null,null,null,null,null
"ローソンの制服下",null,null,null,null,null,null,null,null,null
"ローソンシールド",null,null,null,null,null,null,null,null,null
"ローラ姫のティアラ",null,null,null,null,null,null,null,null,null
"ローラ姫のドレス",null,null,null,null,null,null,null,null,null
"ローレシアのズボン",null,null,null,null,null,null,null,null,null
"ローレシアの帽子",null,null,null,null,null,null,null,null,null
"ローレシアの服",null,null,null,null,null,null,null,null,null
"ワイルドジャケット",null,null,null,null,null,null,null,null,null
"ワイルドベレー",null,null,null,null,null,null,null,null,null
"ワイルドボトム",null,null,null,null,null,null,null,null,null
"万点棒の大剣",null,null,null,null,null,null,null,null,null
"三色団子ステッキ",null,null,null,null,null,null,null,null,null
"世界樹のつるぎ",null,null,null,null,null,null,null,null,null
"世界樹のベール【魔】",null,null,null,null,null,null,null,null,null
"世界樹のローブ上【魔】",null,null,null,null,null,null,null,null,null
"世界樹のローブ下【魔】",null,null,null,null,null,null,null,null,null
"世界樹の外套上【刻】",null,null,null,null,null,null,null,null,null
"世界樹の外套下【刻】",null,null,null,null,null,null,null,null,null
"世界樹の天杖【刻】",null,null,null,null,null,null,null,null,null
"世界樹の天槍【紅】",null,null,null,null,null,null,null,null,null
"世界樹の天衣上【聖】",null,null,null,null,null,null,null,null,null
"世界樹の天衣下【聖】",null,null,null,null,null,null,null,null,null
"世界樹の天鞭【聖】",null,null,null,null,null,null,null,null,null
"世界樹の官帽【刻】",null,null,null,null,null,null,null,null,null
"世界樹の宝冠",null,null,null,null,null,null,null,null,null
"世界樹の氷杖【魔】",null,null,null,null,null,null,null,null,null
"世界樹の白帽【聖】",null,null,null,null,null,null,null,null,null
"世界樹の鎧上",null,null,null,null,null,null,null,null,null
"世界樹の鎧上【紅】",null,null,null,null,null,null,null,null,null
"世界樹の鎧下",null,null,null,null,null,null,null,null,null
"世界樹の鎧下【紅】",null,null,null,null,null,null,null,null,null
"世界樹の風切【紅】",null,null,null,null,null,null,null,null,null
"伊右衛門の耳飾り",null,null,null,null,null,null,null,null,null
"伝説の勇者のころも上",null,null,null,null,null,null,null,null,null
"伝説の勇者のころも下",null,null,null,null,null,null,null,null,null
"伝説の勇者のはちがね",null,null,null,null,null,null,null,null,null
"伝説の勇者の盾",null,null,null,null,null,null,null,null,null
"傘ブレード",null,null,null,null,null,null,null,null,null
"僧侶のほうい",null,null,null,null,null,null,null,null,null
"僧侶のぼうし",null,null,null,null,null,null,null,null,null
"光創神のつえ",null,null,null,null,null,null,null,null,null
"光創神のティアラ",null,null,null,null,null,null,null,null,null
"光創神の御衣上",null,null,null,null,null,null,null,null,null
"光創神の御衣下",null,null,null,null,null,null,null,null,null
"冒険の歩み",null,null,null,null,null,null,null,null,null
"冥獣のはちがね",null,null,null,null,null,null,null,null,null
"冥獣のツメ",null,null,null,null,null,null,null,null,null
"冥獣の装束上",null,null,null,null,null,null,null,null,null
"冥獣の装束下",null,null,null,null,null,null,null,null,null
"冥王の仮面",null,null,null,null,null,null,null,null,null
"冥王の大鎌",null,null,null,null,null,null,null,null,null
"冥界の王装上",null,null,null,null,null,null,null,null,null
"冥界の王装下",null,null,null,null,null,null,null,null,null
"凱歌のよろい上",null,null,null,null,null,null,null,null,null
"凱歌のよろい下",null,null,null,null,null,null,null,null,null
"凱歌のヘルム",null,null,null,null,null,null,null,null,null
"勇気のテイテツ",null,null,null,null,null,null,null,null,null
"勇者の盾",null,null,null,null,null,null,null,null,null
"勇車のキャスケット",null,null,null,null,null,null,null,null,null
"勇車のジャケット",null,null,null,null,null,null,null,null,null
"勇車のスカート",null,null,null,null,null,null,null,null,null
"千点棒の剣",null,null,null,null,null,null,null,null,null
"卓球ラケット",null,null,null,null,null,null,null,null,null
"名もなき大剣",null,null,null,null,null,null,null,null,null
"名刀斬鉄丸",null,null,null,null,null,null,null,null,null
"名城のキーホルダー",null,null,null,null,null,null,null,null,null
"呪獣のつめ",null,null,null,null,null,null,null,null,null
"商人のふく",null,null,null,null,null,null,null,null,null
"商人のターバン",null,null,null,null,null,null,null,null,null
"国士無双Tシャツ",null,null,null,null,null,null,null,null,null
"夏祭りのうちわ",null,null,null,null,null,null,null,null,null
"夏祭りの浴衣上",null,null,null,null,null,null,null,null,null
"夏祭りの浴衣下",null,null,null,null,null,null,null,null,null
"大勇者の天冠",null,null,null,null,null,null,null,null,null
"大勇者の天衣上",null,null,null,null,null,null,null,null,null
"大勇者の天衣下",null,null,null,null,null,null,null,null,null
"大地のエルフの霊帽",null,null,null,null,null,null,null,null,null
"大地のエルフの霊装上",null,null,null,null,null,null,null,null,null
"大地のエルフの霊装下",null,null,null,null,null,null,null,null,null
"大地の竜玉",null,null,null,null,null,null,null,null,null
"大太刀・立葵",null,null,null,null,null,null,null,null,null
"大海の探求者コート上",null,null,null,null,null,null,null,null,null
"大海の探求者コート下",null,null,null,null,null,null,null,null,null
"大海の探求者ターバン",null,null,null,null,null,null,null,null,null
"大盗賊のアミュレット",null,null,null,null,null,null,null,null,null
"大盗賊のアミュレット+",null,null,null,null,null,null,null,null,null
"大空の狩衣上",null,null,null,null,null,null,null,null,null
"大空の狩衣下",null,null,null,null,null,null,null,null,null
"大空の鳥帽子",null,null,null,null,null,null,null,null,null
"大魔女バーバラの服上",null,null,null,null,null,null,null,null,null
"大魔女バーバラの服下",null,null,null,null,null,null,null,null,null
"大魔女バーバラの髪留",null,null,null,null,null,null,null,null,null
"大魔道士のターバン",null,null,null,null,null,null,null,null,null
"大魔道士のローブ上",null,null,null,null,null,null,null,null,null
"大魔道士のローブ下",null,null,null,null,null,null,null,null,null
"天使のわっか",null,null,null,null,null,null,null,null,null
"天使のティアラ",null,null,null,null,null,null,null,null,null
"天使のレオタード上",null,null,null,null,null,null,null,null,null
"天使のレオタード下",null,null,null,null,null,null,null,null,null
"天使の断頭台",null,null,null,null,null,null,null,null,null
"天地の大盾",null,null,null,null,null,null,null,null,null
"天界のころも上",null,null,null,null,null,null,null,null,null
"天界のころも下",null,null,null,null,null,null,null,null,null
"天空のかぶと",null,null,null,null,null,null,null,null,null
"天空のつるぎ",null,null,null,null,null,null,null,null,null
"天空のよろい上",null,null,null,null,null,null,null,null,null
"天空のよろい下",null,null,null,null,null,null,null,null,null
"天空の盾",null,null,null,null,null,null,null,null,null
"天空の花嫁のドレス上",null,null,null,null,null,null,null,null,null
"天空の花嫁のドレス下",null,null,null,null,null,null,null,null,null
"天空の花嫁のベール",null,null,null,null,null,null,null,null,null
"天魔王のつえ",null,null,null,null,null,null,null,null,null
"天魔王のヘルム",null,null,null,null,null,null,null,null,null
"天魔王のローブ上",null,null,null,null,null,null,null,null,null
"天魔王のローブ下",null,null,null,null,null,null,null,null,null
"女神のゆびわ",null,null,null,null,null,null,null,null,null
"女神のゆびわ+",null,null,null,null,null,null,null,null,null
"女神の果実のかぶりもの",null,null,null,null,null,null,null,null,null
"妖精の円月輪",null,null,null,null,null,null,null,null,null
"妖魔のボンテージ上",null,null,null,null,null,null,null,null,null
"妖魔のボンテージ下",null,null,null,null,null,null,null,null,null
"妖魔の艶髪",null,null,null,null,null,null,null,null,null
"守護神の戦兜",null,null,null,null,null,null,null,null,null
"守護神の戦笛",null,null,null,null,null,null,null,null,null
"守護神の戦鎧上",null,null,null,null,null,null,null,null,null
"守護神の戦鎧下",null,null,null,null,null,null,null,null,null
"封印されし大賢者",null,null,null,null,null,null,null,null,null
"封竜の巫女装束上",null,null,null,null,null,null,null,null,null
"封竜の巫女装束下",null,null,null,null,null,null,null,null,null
"封竜の神楽鈴",null,null,null,null,null,null,null,null,null
"封竜の髪飾り",null,null,null,null,null,null,null,null,null
"導かれし勇者の兜",null,null,null,null,null,null,null,null,null
"導かれし勇者の剣",null,null,null,null,null,null,null,null,null
"導かれし勇者の服上",null,null,null,null,null,null,null,null,null
"導かれし勇者の服下",null,null,null,null,null,null,null,null,null
"導かれし勇者の盾",null,null,null,null,null,null,null,null,null
"小さな翼",null,null,null,null,null,null,null,null,null
"小悪魔スーツ上",null,null,null,null,null,null,null,null,null
"小悪魔スーツ下",null,null,null,null,null,null,null,null,null
"小悪魔セティアのロッド",null,null,null,null,null,null,null,null,null
"小悪魔ハット",null,null,null,null,null,null,null,null,null
"常闇のやり",null,null,null,null,null,null,null,null,null
"幻魔王のツメ",null,null,null,null,null,null,null,null,null
"幻魔王の兜",null,null,null,null,null,null,null,null,null
"幻魔王の鎧上",null,null,null,null,null,null,null,null,null
"幻魔王の鎧下",null,null,null,null,null,null,null,null,null
"彦星のえぼし",null,null,null,null,null,null,null,null,null
"彦星の装束上",null,null,null,null,null,null,null,null,null
"彦星の装束下",null,null,null,null,null,null,null,null,null
"忍刀・朧",null,null,null,null,null,null,null,null,null
"忍足袋",null,null,null,null,null,null,null,null,null
"怒りのタトゥー",null,null,null,null,null,null,null,null,null
"戦士のかぶと",null,null,null,null,null,null,null,null,null
"戦士のよろい",null,null,null,null,null,null,null,null,null
"戦士のレガース",null,null,null,null,null,null,null,null,null
"戦士の剣",null,null,null,null,null,null,null,null,null
"戦士の指輪",null,null,null,null,null,null,null,null,null
"旅のおもいで",null,null,null,null,null,null,null,null,null
"星空のくびかざり",null,null,null,null,null,null,null,null,null
"星降りのフード",null,null,null,null,null,null,null,null,null
"星降りのローブ上",null,null,null,null,null,null,null,null,null
"星降りのローブ下",null,null,null,null,null,null,null,null,null
"星降りの霊杖",null,null,null,null,null,null,null,null,null
"暴魔のメダル",null,null,null,null,null,null,null,null,null
"書聖のかみかざり",null,null,null,null,null,null,null,null,null
"書聖のつえ",null,null,null,null,null,null,null,null,null
"書聖のはおり",null,null,null,null,null,null,null,null,null
"書聖のはかま",null,null,null,null,null,null,null,null,null
"月影の髪飾り",null,null,null,null,null,null,null,null,null
"木の葉のぼうし",null,null,null,null,null,null,null,null,null
"木の葉のよろい上",null,null,null,null,null,null,null,null,null
"木の葉のよろい下",null,null,null,null,null,null,null,null,null
"木彫りのロザリオ",null,null,null,null,null,null,null,null,null
"梅紅白のみみかざり",null,null,null,null,null,null,null,null,null
"森人のぼうし",null,null,null,null,null,null,null,null,null
"森人のチョッキ",null,null,null,null,null,null,null,null,null
"森人の前かけ",null,null,null,null,null,null,null,null,null
"武神の剛拳",null,null,null,null,null,null,null,null,null
"武神の道着上",null,null,null,null,null,null,null,null,null
"武神の道着下",null,null,null,null,null,null,null,null,null
"武神の髪留",null,null,null,null,null,null,null,null,null
"武闘家の道着",null,null,null,null,null,null,null,null,null
"武闘家ヘアー",null,null,null,null,null,null,null,null,null
"歴戦の戦士のかぶと",null,null,null,null,null,null,null,null,null
"歴戦の戦士のよろい上",null,null,null,null,null,null,null,null,null
"歴戦の戦士のよろい下",null,null,null,null,null,null,null,null,null
"死神のピアス",null,null,null,null,null,null,null,null,null
"死神の盾",null,null,null,null,null,null,null,null,null
"水のアミュレット",null,null,null,null,null,null,null,null,null
"水鏡の盾",null,null,null,null,null,null,null,null,null
"氷のゆびわ",null,null,null,null,null,null,null,null,null
"海賊のタトゥー",null,null,null,null,null,null,null,null,null
"清きハートのピアス",null,null,null,null,null,null,null,null,null
"渚の勇者姫ヘアー",null,null,null,null,null,null,null,null,null
"渚の勇者姫水着上",null,null,null,null,null,null,null,null,null
"渚の勇者姫水着下",null,null,null,null,null,null,null,null,null
"温泉の浴衣・上",null,null,null,null,null,null,null,null,null
"温泉の浴衣・下",null,null,null,null,null,null,null,null,null
"漆黒伯爵のコート上",null,null,null,null,null,null,null,null,null
"漆黒伯爵のコート下",null,null,null,null,null,null,null,null,null
"漆黒伯爵の眼帯",null,null,null,null,null,null,null,null,null
"炎光の勾玉",null,null,null,null,null,null,null,null,null
"炎光の勾玉+",null,null,null,null,null,null,null,null,null
"炎獅子のツメ",null,null,null,null,null,null,null,null,null
"炎獅子の装束上",null,null,null,null,null,null,null,null,null
"炎獅子の装束下",null,null,null,null,null,null,null,null,null
"炎獅子の額あて",null,null,null,null,null,null,null,null,null
"無法者のズボン",null,null,null,null,null,null,null,null,null
"無法者のバンダナ",null,null,null,null,null,null,null,null,null
"無法者のベスト",null,null,null,null,null,null,null,null,null
"煉獄の盾",null,null,null,null,null,null,null,null,null
"獄炎の大剣",null,null,null,null,null,null,null,null,null
"獅子王の帽子",null,null,null,null,null,null,null,null,null
"獅子王の服・上",null,null,null,null,null,null,null,null,null
"獅子王の服・下",null,null,null,null,null,null,null,null,null
"獅子舞のかぶりもの",null,null,null,null,null,null,null,null,null
"獅子舞のふく上",null,null,null,null,null,null,null,null,null
"獅子舞のふく下",null,null,null,null,null,null,null,null,null
"王女の愛",null,null,null,null,null,null,null,null,null
"王女の耳飾り",null,null,null,null,null,null,null,null,null
"王宮魔術師ローブ上",null,null,null,null,null,null,null,null,null
"王宮魔術師ローブ下",null,null,null,null,null,null,null,null,null
"王宮魔術師帽",null,null,null,null,null,null,null,null,null
"王家のレイピア",null,null,null,null,null,null,null,null,null
"王者の剣",null,null,null,null,null,null,null,null,null
"王者の盾",null,null,null,null,null,null,null,null,null
"理性のリング",null,null,null,null,null,null,null,null,null
"生命のオーブ",null,null,null,null,null,null,null,null,null
"白百合の髪飾り",null,null,null,null,null,null,null,null,null
"百点棒の剣",null,null,null,null,null,null,null,null,null
"百獣の暗黒鞭",null,null,null,null,null,null,null,null,null
"皮の盾",null,null,null,null,null,null,null,null,null
"盟友の大盾",null,null,null,null,null,null,null,null,null
"真夏のそろばん",null,null,null,null,null,null,null,null,null
"真夏のアリーナ帽子",null,null,null,null,null,null,null,null,null
"真夏のアリーナ服上",null,null,null,null,null,null,null,null,null
"真夏のアリーナ服下",null,null,null,null,null,null,null,null,null
"真空の斧",null,null,null,null,null,null,null,null,null
"真魔剛竜剣",null,null,null,null,null,null,null,null,null
"砂海のころも上",null,null,null,null,null,null,null,null,null
"砂海のころも下",null,null,null,null,null,null,null,null,null
"砂海のターバン",null,null,null,null,null,null,null,null,null
"破天のサーベル",null,null,null,null,null,null,null,null,null
"破幻のリング",null,null,null,null,null,null,null,null,null
"破邪のネックレス",null,null,null,null,null,null,null,null,null
"破邪の大魔法書",null,null,null,null,null,null,null,null,null
"破邪の大魔法書の写本",null,null,null,null,null,null,null,null,null
"確定Tシャツ・黒",null,null,null,null,null,null,null,null,null
"祝！1周年Tシャツ",null,null,null,null,null,null,null,null,null
"祝！2周年キャップ",null,null,null,null,null,null,null,null,null
"祝！3周年キャップ",null,null,null,null,null,null,null,null,null
"祝！4周年キャップ",null,null,null,null,null,null,null,null,null
"神鳥の杖",null,null,null,null,null,null,null,null,null
"空竜のかぶりもの",null,null,null,null,null,null,null,null,null
"空竜のきぐるみ",null,null,null,null,null,null,null,null,null
"立派な白ヒゲ",null,null,null,null,null,null,null,null,null
"竜のうろこ",null,null,null,null,null,null,null,null,null
"竜のおまもり",null,null,null,null,null,null,null,null,null
"竜の女王のツメ",null,null,null,null,null,null,null,null,null
"竜の女王のティアラ",null,null,null,null,null,null,null,null,null
"竜の女王のドレス上",null,null,null,null,null,null,null,null,null
"竜の女王のドレス下",null,null,null,null,null,null,null,null,null
"竜の女王のブローチ",null,null,null,null,null,null,null,null,null
"竜戦士のかぶと",null,null,null,null,null,null,null,null,null
"竜戦士のよろい上",null,null,null,null,null,null,null,null,null
"竜戦士のよろい下",null,null,null,null,null,null,null,null,null
"竜王のうろこ",null,null,null,null,null,null,null,null,null
"竜王の兜",null,null,null,null,null,null,null,null,null
"竜王の鎧上",null,null,null,null,null,null,null,null,null
"竜王の鎧下",null,null,null,null,null,null,null,null,null
"竜神の盾",null,null,null,null,null,null,null,null,null
"竜神の鎧上",null,null,null,null,null,null,null,null,null
"竜神の鎧下",null,null,null,null,null,null,null,null,null
"竜神の頬当て",null,null,null,null,null,null,null,null,null
"竜神王のつるぎ",null,null,null,null,null,null,null,null,null
"箱舟の運転士の帽子",null,null,null,null,null,null,null,null,null
"箱舟の運転士の服",null,null,null,null,null,null,null,null,null
"紅白のちょうネクタイ",null,null,null,null,null,null,null,null,null
"紅茶花伝Tシャツ",null,null,null,null,null,null,null,null,null
"紅茶花伝ペンダント",null,null,null,null,null,null,null,null,null
"紅蓮のティアラ",null,null,null,null,null,null,null,null,null
"紅蓮の法衣上",null,null,null,null,null,null,null,null,null
"紅蓮の法衣下",null,null,null,null,null,null,null,null,null
"紅蓮の竜玉",null,null,null,null,null,null,null,null,null
"紅蓮の竜玉+",null,null,null,null,null,null,null,null,null
"紫影の忍装束上",null,null,null,null,null,null,null,null,null
"紫影の忍装束下",null,null,null,null,null,null,null,null,null
"紫影の覆面",null,null,null,null,null,null,null,null,null
"絶美なる妖鞭",null,null,null,null,null,null,null,null,null
"綾鷹Tシャツ",null,null,null,null,null,null,null,null,null
"織姫のかみかざり",null,null,null,null,null,null,null,null,null
"織姫のはごろも上",null,null,null,null,null,null,null,null,null
"織姫のはごろも下",null,null,null,null,null,null,null,null,null
"翼神の加護",null,null,null,null,null,null,null,null,null
"聖堂騎士団の指輪",null,null,null,null,null,null,null,null,null
"聖女のころも上",null,null,null,null,null,null,null,null,null
"聖女のころも下",null,null,null,null,null,null,null,null,null
"聖女のこん",null,null,null,null,null,null,null,null,null
"聖女のティアラ",null,null,null,null,null,null,null,null,null
"聖盾騎士のかぶと",null,null,null,null,null,null,null,null,null
"聖盾騎士のよろい上",null,null,null,null,null,null,null,null,null
"聖盾騎士のよろい下",null,null,null,null,null,null,null,null,null
"聖盾騎士のオノ",null,null,null,null,null,null,null,null,null
"聖盾騎士の大盾",null,null,null,null,null,null,null,null,null
"聖風のかんむり",null,null,null,null,null,null,null,null,null
"聖風のつえ",null,null,null,null,null,null,null,null,null
"聖風のはごろも上",null,null,null,null,null,null,null,null,null
"聖風のはごろも下",null,null,null,null,null,null,null,null,null
"職人のベルト",null,null,null,null,null,null,null,null,null
"英知のころも上",null,null,null,null,null,null,null,null,null
"英知のころも下",null,null,null,null,null,null,null,null,null
"英知の羽根飾り",null,null,null,null,null,null,null,null,null
"蒼竜のやり",null,null,null,null,null,null,null,null,null
"蒼竜のよろい上",null,null,null,null,null,null,null,null,null
"蒼竜のよろい下",null,null,null,null,null,null,null,null,null
"蒼竜のヘルム",null,null,null,null,null,null,null,null,null
"記念大王の冠",null,null,null,null,null,null,null,null,null
"記念大王の指輪",null,null,null,null,null,null,null,null,null
"記念大王の指輪2nd",null,null,null,null,null,null,null,null,null
"記念大王の指輪3rd",null,null,null,null,null,null,null,null,null
"記念大王の指輪4th",null,null,null,null,null,null,null,null,null
"記念大王の服",null,null,null,null,null,null,null,null,null
"記念大王スライムヘッド",null,null,null,null,null,null,null,null,null
"賀正大王スライムヘッド",null,null,null,null,null,null,null,null,null
"賢聖のティアラ",null,null,null,null,null,null,null,null,null
"賢聖のローブ上",null,null,null,null,null,null,null,null,null
"賢聖のローブ下",null,null,null,null,null,null,null,null,null
"賢魔のブローチ",null,null,null,null,null,null,null,null,null
"邪教の教典",null,null,null,null,null,null,null,null,null
"金のスライムハンマー",null,null,null,null,null,null,null,null,null
"金のスラミチヘッド",null,null,null,null,null,null,null,null,null
"金のネックレス",null,null,null,null,null,null,null,null,null
"金のラダトームのかぶと",null,null,null,null,null,null,null,null,null
"金のラダトームのつるぎ",null,null,null,null,null,null,null,null,null
"金のラダトームの盾",null,null,null,null,null,null,null,null,null
"金のラダトームの鎧上",null,null,null,null,null,null,null,null,null
"金のラダトーム鎧下",null,null,null,null,null,null,null,null,null
"金梅花の玉かんざし",null,null,null,null,null,null,null,null,null
"金獅子のかぶりもの",null,null,null,null,null,null,null,null,null
"金獅子のふく上",null,null,null,null,null,null,null,null,null
"金獅子のふく下",null,null,null,null,null,null,null,null,null
"鎧の魔剣",null,null,null,null,null,null,null,null,null
"鎧の魔剣(兜)",null,null,null,null,null,null,null,null,null
"鎧の魔剣(鎧上)",null,null,null,null,null,null,null,null,null
"鎧の魔剣(鎧下)",null,null,null,null,null,null,null,null,null
"鎧の魔槍",null,null,null,null,null,null,null,null,null
"鎧の魔槍(兜)",null,null,null,null,null,null,null,null,null
"鎧の魔槍(鎧上)",null,null,null,null,null,null,null,null,null
"鎧の魔槍(鎧下)",null,null,null,null,null,null,null,null,null
"閃光烈火のツメ",null,null,null,null,null,null,null,null,null
"闇の大魔王のローブ上",null,null,null,null,null,null,null,null,null
"闇の大魔王のローブ下",null,null,null,null,null,null,null,null,null
"闇の大魔王の滅角",null,null,null,null,null,null,null,null,null
"闇の覇者の竜鞭",null,null,null,null,null,null,null,null,null
"闇の覇者の魔杖",null,null,null,null,null,null,null,null,null
"闇の覇者の魔角",null,null,null,null,null,null,null,null,null
"闇の覇者の黒衣上",null,null,null,null,null,null,null,null,null
"闇の覇者の黒衣下",null,null,null,null,null,null,null,null,null
"闇はらう光の大剣",null,null,null,null,null,null,null,null,null
"闇竜のかぶと",null,null,null,null,null,null,null,null,null
"闇竜のよろい上",null,null,null,null,null,null,null,null,null
"闇竜のよろい下",null,null,null,null,null,null,null,null,null
"闇竜のキバ",null,null,null,null,null,null,null,null,null
"闇騎士のよろい上",null,null,null,null,null,null,null,null,null
"闇騎士のよろい下",null,null,null,null,null,null,null,null,null
"闇騎士のヘルム",null,null,null,null,null,null,null,null,null
"闘竜の戦兜",null,null,null,null,null,null,null,null,null
"闘竜の戦鎧上",null,null,null,null,null,null,null,null,null
"闘竜の戦鎧下",null,null,null,null,null,null,null,null,null
"降神のケープ上",null,null,null,null,null,null,null,null,null
"降神のケープ下",null,null,null,null,null,null,null,null,null
"降神の祭帽",null,null,null,null,null,null,null,null,null
"隠者のベルト",null,null,null,null,null,null,null,null,null
"雪だるまヘッド",null,null,null,null,null,null,null,null,null
"雪だるまボディ",null,null,null,null,null,null,null,null,null
"雷轟のかぶと",null,null,null,null,null,null,null,null,null
"雷轟のよろい上",null,null,null,null,null,null,null,null,null
"雷轟のよろい下",null,null,null,null,null,null,null,null,null
"霊獣のつえ",null,null,null,null,null,null,null,null,null
"霊獣のビスチェ上",null,null,null,null,null,null,null,null,null
"霊獣のビスチェ下",null,null,null,null,null,null,null,null,null
"霊獣の角飾り",null,null,null,null,null,null,null,null,null
"鞠の指輪",null,null,null,null,null,null,null,null,null
"風鈴のイヤリング",null,null,null,null,null,null,null,null,null
"飛天の書",null,null,null,null,null,null,null,null,null
"馬のかぶりもの",null,null,null,null,null,null,null,null,null
"馬のきぐるみ",null,null,null,null,null,null,null,null,null
"高かくりつTシャツ・白",null,null,null,null,null,null,null,null,null
"魔剣士の片手剣",null,null,null,null,null,null,null,null,null
"魔剣士ピサロのコート上",null,null,null,null,null,null,null,null,null
"魔剣士ピサロのコート下",null,null,null,null,null,null,null,null,null
"魔剣士ピサロのバンダナ",null,null,null,null,null,null,null,null,null
"魔力の宝剣",null,null,null,null,null,null,null,null,null
"魔女のとんがり帽子",null,null,null,null,null,null,null,null,null
"魔女のイヤリング",null,null,null,null,null,null,null,null,null
"魔女のスーツ上",null,null,null,null,null,null,null,null,null
"魔女のスーツ下",null,null,null,null,null,null,null,null,null
"魔導将軍のゆびわ",null,null,null,null,null,null,null,null,null
"魔導将軍のゆびわ+",null,null,null,null,null,null,null,null,null
"魔族の王子ピサロの服上",null,null,null,null,null,null,null,null,null
"魔族の王子ピサロの服下",null,null,null,null,null,null,null,null,null
"魔族の王子ピサロヘアー",null,null,null,null,null,null,null,null,null
"魔氷のイヤリング",null,null,null,null,null,null,null,null,null
"魔氷のイヤリング+",null,null,null,null,null,null,null,null,null
"魔法の筒",null,null,null,null,null,null,null,null,null
"魔法使いのぼうし",null,null,null,null,null,null,null,null,null
"魔法使いのズボン",null,null,null,null,null,null,null,null,null
"魔法使いの服",null,null,null,null,null,null,null,null,null
"魔狼のマスク",null,null,null,null,null,null,null,null,null
"魔狼の盾",null,null,null,null,null,null,null,null,null
"魔狼の鎧上",null,null,null,null,null,null,null,null,null
"魔狼の鎧下",null,null,null,null,null,null,null,null,null
"魔狼牙",null,null,null,null,null,null,null,null,null
"魔界のチョーカー",null,null,null,null,null,null,null,null,null
"魔鳥の羽根飾り",null,null,null,null,null,null,null,null,null
"魚の帽子",null,null,null,null,null,null,null,null,null
"魚の帽子【銀】",null,null,null,null,null,null,null,null,null
"麦わらスライムTシャツ",null,null,null,null,null,null,null,null,null
"麻のぼうし",null,null,null,null,null,null,null,null,null
"麻の服",null,null,null,null,null,null,null,null,null
"麻の短パン",null,null,null,null,null,null,null,null,null
"黄竜のはちまき",null,null,null,null,null,null,null,null,null
"黄竜のツメ",null,null,null,null,null,null,null,null,null
"黄竜のピアス",null,null,null,null,null,null,null,null,null
"黄竜の道着上",null,null,null,null,null,null,null,null,null
"黄竜の道着下",null,null,null,null,null,null,null,null,null
"黄竜眼の指輪",null,null,null,null,null,null,null,null,null
"黄竜眼の指輪+",null,null,null,null,null,null,null,null,null
"黄色いにわかなお面",null,null,null,null,null,null,null,null,null
"黒ヒョウのツメ",null,null,null,null,null,null,null,null,null
"黒嵐のツメ",null,null,null,null,null,null,null,null,null
"黒嵐のフード",null,null,null,null,null,null,null,null,null
"黒嵐のローブ上",null,null,null,null,null,null,null,null,null
"黒嵐のローブ下",null,null,null,null,null,null,null,null,null
"黒雲のゆびわ",null,null,null,null,null,null,null,null,null
